task,alpha,budget,algorithm,heuristic,aux_heuristic,node_count,time_s,tle
adult,0.95,6.0,BFSTC,ub0,ub0,1568.0,5000.833888053894,True
adult,0.95,6.0,EfficientBFS,ub0,ub0,4.0,6.7706687450408936,False
adult,0.95,6.0,EfficientBFS,ub2,ub2,4.0,33.25843644142151,False
adult,0.95,6.0,EfficientBranchAndBound,ub0,ub0,5.0,4.059131383895874,False
adult,0.95,7.0,BFSTC,ub0,ub0,100.0,5000.152346611023,True
adult,0.95,7.0,EfficientBFS,ub0,ub0,17.0,19.297731161117554,False
adult,0.95,7.0,EfficientBFS,ub2,ub2,17.0,65.35784959793091,False
adult,0.95,7.0,EfficientBranchAndBound,ub0,ub0,4620.0,5000.302578210831,True
adult,0.95,8.0,BFSTC,ub0,ub0,79.0,5000.001331329346,True
adult,0.95,8.0,EfficientBFS,ub0,ub0,11.0,11.893901824951172,False
adult,0.95,8.0,EfficientBFS,ub2,ub2,10.0,71.79880976676941,False
adult,0.95,8.0,EfficientBranchAndBound,ub0,ub0,8.0,9.075331449508667,False
adult,0.95,9.0,BFSTC,ub0,ub0,72.0,5000.611024618149,True
adult,0.95,9.0,EfficientBFS,ub0,ub0,33.0,38.33459711074829,False
adult,0.95,9.0,EfficientBFS,ub2,ub2,28.0,161.78727006912231,False
adult,0.95,9.0,EfficientBranchAndBound,ub0,ub0,4355.0,5000.005207061768,True
adult,0.95,10.0,BFSTC,ub0,ub0,71.0,5000.339027643204,True
adult,0.95,10.0,EfficientBFS,ub2,ub0,1.0,20.531692266464233,False
adult,0.95,10.0,EfficientBranchAndBound,ub0,ub0,4370.0,5000.3079216480255,True
adult,0.95,11.0,BFSTC,ub0,ub0,70.0,5000.696333169937,True
adult,0.95,11.0,EfficientBFS,ub0,ub0,106.0,123.36709833145142,False
adult,0.95,11.0,EfficientBFS,ub2,ub0,1.0,18.412806749343872,False
adult,0.95,11.0,EfficientBranchAndBound,ub0,ub0,4602.0,5000.2500030994415,True
adult,0.95,12.0,BFSTC,ub0,ub0,67.0,5000.04350066185,True
adult,0.95,12.0,EfficientBFS,ub0,ub0,257.0,321.75959038734436,False
adult,0.95,12.0,EfficientBFS,ub2,ub0,1.0,17.984910249710083,False
adult,0.95,12.0,EfficientBranchAndBound,ub0,ub0,4469.0,5000.211980581284,True
adult,0.95,13.0,BFSTC,ub0,ub0,63.0,5000.481324911118,True
adult,0.95,13.0,EfficientBFS,ub0,ub0,450.0,584.5944859981537,False
adult,0.95,13.0,EfficientBFS,ub2,ub0,1.0,19.579992532730103,False
adult,0.95,13.0,EfficientBranchAndBound,ub0,ub0,4380.0,5000.011868953705,True
adult,0.95,14.0,BFSTC,ub0,ub0,60.0,5000.42738032341,True
adult,0.95,14.0,EfficientBFS,ub0,ub0,285.0,361.43227767944336,False
adult,0.95,14.0,EfficientBFS,ub2,ub0,1.0,19.13877558708191,False
adult,0.95,14.0,EfficientBranchAndBound,ub0,ub0,1.0,2.6245009899139404,False
adult,0.95,15.0,BFSTC,ub0,ub0,55.0,5000.388265609741,True
adult,0.95,15.0,EfficientBFS,ub0,ub0,14.0,23.35977554321289,False
adult,0.95,15.0,EfficientBFS,ub2,ub0,1.0,20.15168523788452,False
adult,0.95,15.0,EfficientBranchAndBound,ub0,ub0,1.0,2.735062837600708,False
adult,0.98,6.0,EfficientBFS,ub0,ub0,7.0,6.868666172027588,False
adult,0.98,6.0,EfficientBFS,ub2,ub2,7.0,39.49364614486694,False
adult,0.98,6.0,EfficientBranchAndBound,ub0,ub0,5.0,4.737768888473511,False
adult,0.98,7.0,EfficientBFS,ub0,ub0,33.0,32.48126149177551,False
adult,0.98,7.0,EfficientBFS,ub2,ub2,33.0,87.54660630226135,False
adult,0.98,8.0,EfficientBFS,ub0,ub0,19.0,22.163812160491943,False
adult,0.98,8.0,EfficientBFS,ub2,ub2,19.0,102.59349822998047,False
adult,0.98,9.0,EfficientBFS,ub0,ub0,74.0,96.47578859329224,False
adult,0.98,9.0,EfficientBFS,ub2,ub2,70.0,287.73315167427063,False
adult,0.98,10.0,EfficientBFS,ub0,ub0,100.0,139.72771620750427,False
adult,0.98,10.0,EfficientBFS,ub2,ub2,92.0,565.3218176364899,False
adult,0.98,11.0,EfficientBFS,ub0,ub0,251.0,392.3605320453644,False
adult,0.98,11.0,EfficientBFS,ub2,ub2,244.0,1642.773365497589,False
adult,0.98,12.0,EfficientBFS,ub0,ub0,646.0,1094.6115565299988,False
adult,0.98,12.0,EfficientBFS,ub2,ub2,1.0,23.285574197769165,False
adult,0.98,13.0,EfficientBFS,ub0,ub0,2039.0,3540.006281375885,False
adult,0.98,13.0,EfficientBFS,ub2,ub2,1.0,25.831265449523926,False
adult,0.98,14.0,EfficientBFS,ub0,ub0,2449.0,5000.179057836533,True
adult,0.98,14.0,EfficientBFS,ub2,ub2,1.0,23.481736660003662,False
adult,0.98,15.0,EfficientBFS,ub0,ub0,2390.0,5000.580172300339,True
adult,0.98,15.0,EfficientBFS,ub2,ub2,1.0,25.132205724716187,False
caltech,0.95,6.0,BFSTC,ub0,ub0,2.0,5025.898359537125,True
caltech,0.95,6.0,EfficientBFS,ub0,ub0,1.0,131.09548711776733,False
caltech,0.95,6.0,EfficientBFS,ub2,ub2,1.0,140.34486413002014,False
caltech,0.95,6.0,EfficientBranchAndBound,ub0,ub0,2.0,113.38921451568604,False
caltech,0.95,7.0,BFSTC,ub0,ub0,2.0,5043.798418998718,True
caltech,0.95,7.0,EfficientBFS,ub0,ub0,1.0,132.91153287887573,False
caltech,0.95,7.0,EfficientBFS,ub2,ub2,1.0,141.63864159584045,False
caltech,0.95,7.0,EfficientBranchAndBound,ub0,ub0,2.0,115.4036955833435,False
caltech,0.95,8.0,BFSTC,ub0,ub0,2.0,5053.851286411285,True
caltech,0.95,8.0,EfficientBFS,ub0,ub0,2.0,210.60321378707886,False
caltech,0.95,8.0,EfficientBFS,ub2,ub2,2.0,213.42177987098694,False
caltech,0.95,8.0,EfficientBranchAndBound,ub0,ub0,5.0,310.46209621429443,False
caltech,0.95,9.0,BFSTC,ub0,ub0,2.0,5008.398464441299,True
caltech,0.95,9.0,EfficientBFS,ub0,ub0,5.0,426.40137362480164,False
caltech,0.95,9.0,EfficientBFS,ub2,ub2,5.0,439.30768752098083,False
caltech,0.95,9.0,EfficientBranchAndBound,ub0,ub0,45.0,5000.034203290939,True
caltech,0.95,10.0,BFSTC,ub0,ub0,2.0,5053.353444337845,True
caltech,0.95,10.0,EfficientBranchAndBound,ub0,ub0,5.0,398.29548954963684,False
caltech,0.95,11.0,BFSTC,ub0,ub0,2.0,5014.831328392029,True
caltech,0.95,11.0,EfficientBFS,ub0,ub0,1.0,143.09300875663757,False
caltech,0.95,11.0,EfficientBFS,ub2,ub0,1.0,143.51577353477478,False
caltech,0.95,11.0,EfficientBranchAndBound,ub0,ub0,2.0,112.31951403617859,False
caltech,0.95,12.0,BFSTC,ub0,ub0,2.0,5058.186357498169,True
caltech,0.95,12.0,EfficientBFS,ub0,ub0,1.0,142.34655833244324,False
caltech,0.95,12.0,EfficientBFS,ub2,ub0,1.0,148.6465950012207,False
caltech,0.95,12.0,EfficientBranchAndBound,ub0,ub0,2.0,115.1003029346466,False
caltech,0.95,13.0,BFSTC,ub0,ub0,2.0,5038.1527597904205,True
caltech,0.95,13.0,EfficientBFS,ub0,ub0,3.0,284.71293020248413,False
caltech,0.95,13.0,EfficientBFS,ub2,ub0,1.0,147.56947588920593,False
caltech,0.95,13.0,EfficientBranchAndBound,ub0,ub0,3.0,227.5134527683258,False
caltech,0.95,14.0,BFSTC,ub0,ub0,2.0,5022.399919509888,True
caltech,0.95,14.0,EfficientBFS,ub0,ub0,9.0,711.3279945850372,False
caltech,0.95,14.0,EfficientBFS,ub2,ub0,7.0,554.0373871326447,False
caltech,0.95,14.0,EfficientBranchAndBound,ub0,ub0,51.0,5000.38041973114,True
caltech,0.95,15.0,BFSTC,ub0,ub0,2.0,5038.508911371231,True
caltech,0.95,15.0,EfficientBFS,ub0,ub0,3.0,269.100058555603,False
caltech,0.95,15.0,EfficientBFS,ub2,ub0,1.0,142.50963759422302,False
caltech,0.95,15.0,EfficientBranchAndBound,ub0,ub0,3.0,237.47655272483826,False
caltech,0.98,6.0,EfficientBFS,ub0,ub0,1.0,237.69899797439575,False
caltech,0.98,6.0,EfficientBFS,ub2,ub2,1.0,228.08022117614746,False
caltech,0.98,7.0,EfficientBFS,ub0,ub0,1.0,224.99990940093994,False
caltech,0.98,7.0,EfficientBFS,ub2,ub2,1.0,229.79755854606628,False
caltech,0.98,8.0,EfficientBFS,ub0,ub0,15.0,1322.1052973270416,False
caltech,0.98,8.0,EfficientBFS,ub2,ub2,15.0,1333.0701954364777,False
caltech,0.98,9.0,EfficientBFS,ub0,ub0,23.0,1971.6603236198425,False
caltech,0.98,9.0,EfficientBFS,ub2,ub2,22.0,2121.1033453941345,False
caltech,0.98,10.0,EfficientBFS,ub0,ub0,15.0,1287.8997838497162,False
caltech,0.98,10.0,EfficientBFS,ub2,ub2,14.0,1168.5586125850677,False
caltech,0.98,11.0,EfficientBFS,ub0,ub0,7.0,587.6182870864868,False
caltech,0.98,11.0,EfficientBFS,ub2,ub2,6.0,533.5463361740112,False
caltech,0.98,12.0,EfficientBFS,ub0,ub0,6.0,523.9955570697784,False
caltech,0.98,12.0,EfficientBFS,ub2,ub2,5.0,460.02493596076965,False
caltech,0.98,13.0,EfficientBFS,ub0,ub0,11.0,897.8827610015869,False
caltech,0.98,13.0,EfficientBFS,ub2,ub2,10.0,912.7893433570862,False
caltech,0.98,14.0,EfficientBFS,ub0,ub0,26.0,2135.652864933014,False
caltech,0.98,14.0,EfficientBFS,ub2,ub2,26.0,2339.5061762332916,False
caltech,0.98,15.0,EfficientBFS,ub0,ub0,9.0,730.7331914901733,False
caltech,0.98,15.0,EfficientBFS,ub2,ub2,8.0,787.6065158843994,False
facebook,0.95,6.0,BFSTC,ub0,ub0,29.0,5000.715343236923,True
facebook,0.95,6.0,EfficientBFS,ub0,ub0,1.0,0.25019335746765137,False
facebook,0.95,6.0,EfficientBFS,ub2,ub2,1.0,0.287243127822876,False
facebook,0.95,6.0,EfficientBranchAndBound,ub0,ub0,2128.0,5000.385300159454,True
facebook,0.95,7.0,BFSTC,ub0,ub0,991.0,5000.783350944519,True
facebook,0.95,7.0,EfficientBFS,ub0,ub0,5.0,4.757982015609741,False
facebook,0.95,7.0,EfficientBFS,ub2,ub2,1.0,0.455322265625,False
facebook,0.95,7.0,EfficientBranchAndBound,ub0,ub0,2342.0,5000.1009068489075,True
facebook,0.95,8.0,BFSTC,ub0,ub0,8.0,5000.2313096523285,True
facebook,0.95,8.0,EfficientBFS,ub0,ub0,5.0,4.775385141372681,False
facebook,0.95,8.0,EfficientBFS,ub2,ub2,1.0,0.8337068557739258,False
facebook,0.95,8.0,EfficientBranchAndBound,ub0,ub0,2413.0,5000.356286048889,True
facebook,0.95,9.0,BFSTC,ub0,ub0,7.0,5000.448041915894,True
facebook,0.95,9.0,EfficientBFS,ub0,ub0,11.0,25.359665632247925,False
facebook,0.95,9.0,EfficientBFS,ub2,ub2,1.0,1.0834202766418457,False
facebook,0.95,9.0,EfficientBranchAndBound,ub0,ub0,2504.0,5000.102979660034,True
facebook,0.95,10.0,BFSTC,ub0,ub0,6.0,5000.939079284668,True
facebook,0.95,10.0,EfficientBranchAndBound,ub0,ub0,2022.0,5000.003976345062,True
facebook,0.95,11.0,BFSTC,ub0,ub0,6.0,5000.014950752258,True
facebook,0.95,11.0,EfficientBFS,ub0,ub0,22.0,56.89326477050781,False
facebook,0.95,11.0,EfficientBFS,ub2,ub0,1.0,1.2994210720062256,False
facebook,0.95,11.0,EfficientBranchAndBound,ub0,ub0,2005.0,5000.522864341736,True
facebook,0.95,12.0,BFSTC,ub0,ub0,6.0,5001.230336666107,True
facebook,0.95,12.0,EfficientBFS,ub0,ub0,28.0,73.16997718811035,False
facebook,0.95,12.0,EfficientBFS,ub2,ub0,1.0,1.7263221740722656,False
facebook,0.95,12.0,EfficientBranchAndBound,ub0,ub0,1998.0,5000.006811141968,True
facebook,0.95,13.0,BFSTC,ub0,ub0,6.0,5000.616335868835,True
facebook,0.95,13.0,EfficientBFS,ub0,ub0,43.0,95.10503339767456,False
facebook,0.95,13.0,EfficientBFS,ub2,ub0,7.0,12.510188102722168,False
facebook,0.95,13.0,EfficientBranchAndBound,ub0,ub0,1535.0,5000.751431465149,True
facebook,0.95,14.0,BFSTC,ub0,ub0,6.0,5001.754254579544,True
facebook,0.95,14.0,EfficientBFS,ub0,ub0,49.0,107.40415787696838,False
facebook,0.95,14.0,EfficientBFS,ub2,ub0,7.0,12.747599840164185,False
facebook,0.95,14.0,EfficientBranchAndBound,ub0,ub0,1981.0,5000.010445833206,True
facebook,0.95,15.0,BFSTC,ub0,ub0,6.0,5001.320256471634,True
facebook,0.95,15.0,EfficientBFS,ub0,ub0,115.0,305.1189489364624,False
facebook,0.95,15.0,EfficientBFS,ub2,ub0,20.0,44.68055176734924,False
facebook,0.95,15.0,EfficientBranchAndBound,ub0,ub0,1733.0,5000.008182287216,True
facebook,0.98,6.0,EfficientBFS,ub0,ub0,16.0,34.55984878540039,False
facebook,0.98,6.0,EfficientBFS,ub2,ub2,16.0,31.59361505508423,False
facebook,0.98,7.0,EfficientBFS,ub0,ub0,12.0,23.840254545211792,False
facebook,0.98,7.0,EfficientBFS,ub2,ub2,11.0,18.481919050216675,False
facebook,0.98,8.0,EfficientBFS,ub0,ub0,20.0,51.48621153831482,False
facebook,0.98,8.0,EfficientBFS,ub2,ub2,12.0,19.46185541152954,False
facebook,0.98,9.0,EfficientBFS,ub0,ub0,24.0,66.90211844444275,False
facebook,0.98,9.0,EfficientBFS,ub2,ub2,13.0,25.76279044151306,False
facebook,0.98,10.0,EfficientBFS,ub0,ub0,31.0,77.76426267623901,False
facebook,0.98,10.0,EfficientBFS,ub2,ub2,14.0,28.85519790649414,False
facebook,0.98,11.0,EfficientBFS,ub0,ub0,41.0,115.84794569015503,False
facebook,0.98,11.0,EfficientBFS,ub2,ub2,20.0,50.28813147544861,False
facebook,0.98,12.0,EfficientBFS,ub0,ub0,64.0,175.70067977905273,False
facebook,0.98,12.0,EfficientBFS,ub2,ub2,36.0,80.93410134315491,False
facebook,0.98,13.0,EfficientBFS,ub0,ub0,91.0,253.65618181228638,False
facebook,0.98,13.0,EfficientBFS,ub2,ub2,43.0,100.05061459541321,False
facebook,0.98,14.0,EfficientBFS,ub0,ub0,166.0,571.9652237892151,False
facebook,0.98,14.0,EfficientBFS,ub2,ub2,68.0,201.6022346019745,False
facebook,0.98,15.0,EfficientBFS,ub0,ub0,337.0,1107.385397195816,False
facebook,0.98,15.0,EfficientBFS,ub2,ub2,108.0,330.120885848999,False
youtube,0.95,7.0,BFSTC,ub0,ub0,31.0,5000.297391653061,True
youtube,0.95,7.0,EfficientBFS,ub0,ub0,2.0,0.47631239891052246,False
youtube,0.95,7.0,EfficientBFS,ub2,ub2,2.0,0.4240586757659912,False
youtube,0.95,7.0,EfficientBranchAndBound,ub0,ub0,2.0,0.046938419342041016,False
youtube,0.95,8.0,BFSTC,ub0,ub0,46.0,5000.0799605846405,True
youtube,0.95,8.0,EfficientBFS,ub0,ub0,1.0,0.09415936470031738,False
youtube,0.95,8.0,EfficientBFS,ub2,ub2,1.0,0.09419465065002441,False
youtube,0.95,8.0,EfficientBranchAndBound,ub0,ub0,2.0,0.04696774482727051,False
youtube,0.95,9.0,BFSTC,ub0,ub0,43.0,5000.480872869492,True
youtube,0.95,9.0,EfficientBFS,ub0,ub0,1.0,0.0926063060760498,False
youtube,0.95,9.0,EfficientBFS,ub2,ub2,1.0,0.16187691688537598,False
youtube,0.95,9.0,EfficientBranchAndBound,ub0,ub0,2.0,0.1543734073638916,False
youtube,0.95,10.0,BFSTC,ub0,ub0,1.0,0.19384551048278809,False
youtube,0.95,10.0,EfficientBranchAndBound,ub0,ub0,1.0,0.04733681678771973,False
youtube,0.95,11.0,BFSTC,ub0,ub0,1.0,0.1580033302307129,False
youtube,0.95,11.0,EfficientBFS,ub0,ub0,1.0,0.11933112144470215,False
youtube,0.95,11.0,EfficientBFS,ub2,ub0,1.0,0.26714301109313965,False
youtube,0.95,11.0,EfficientBranchAndBound,ub0,ub0,1.0,0.047295331954956055,False
youtube,0.95,12.0,BFSTC,ub0,ub0,1.0,0.07300233840942383,False
youtube,0.95,12.0,EfficientBFS,ub0,ub0,1.0,0.18899154663085938,False
youtube,0.95,12.0,EfficientBFS,ub2,ub0,1.0,0.19225764274597168,False
youtube,0.95,12.0,EfficientBranchAndBound,ub0,ub0,1.0,0.07855558395385742,False
youtube,0.95,13.0,BFSTC,ub0,ub0,14.0,5000.293960571289,True
youtube,0.95,13.0,EfficientBFS,ub0,ub0,1.0,0.2250664234161377,False
youtube,0.95,13.0,EfficientBFS,ub2,ub0,1.0,0.2389695644378662,False
youtube,0.95,13.0,EfficientBranchAndBound,ub0,ub0,2.0,0.07852387428283691,False
youtube,0.95,14.0,BFSTC,ub0,ub0,19.0,5000.08345580101,True
youtube,0.95,14.0,EfficientBFS,ub0,ub0,1.0,0.16432762145996094,False
youtube,0.95,14.0,EfficientBFS,ub2,ub0,1.0,0.24002671241760254,False
youtube,0.95,14.0,EfficientBranchAndBound,ub0,ub0,2.0,0.12560224533081055,False
youtube,0.95,15.0,BFSTC,ub0,ub0,19.0,5000.242901325226,True
youtube,0.95,15.0,EfficientBFS,ub0,ub0,1.0,0.15031909942626953,False
youtube,0.95,15.0,EfficientBFS,ub2,ub0,1.0,0.259169340133667,False
youtube,0.95,15.0,EfficientBranchAndBound,ub0,ub0,2.0,0.12561631202697754,False
youtube,0.98,7.0,EfficientBFS,ub0,ub0,2.0,0.6149082183837891,False
youtube,0.98,7.0,EfficientBFS,ub2,ub2,2.0,0.38538455963134766,False
youtube,0.98,8.0,EfficientBFS,ub0,ub0,4.0,2.8685684204101562,False
youtube,0.98,8.0,EfficientBFS,ub2,ub2,4.0,2.560504674911499,False
youtube,0.98,9.0,EfficientBFS,ub0,ub0,5.0,4.409682035446167,False
youtube,0.98,9.0,EfficientBFS,ub2,ub2,5.0,3.487936496734619,False
youtube,0.98,10.0,EfficientBFS,ub0,ub0,5.0,3.6863677501678467,False
youtube,0.98,10.0,EfficientBFS,ub2,ub2,1.0,0.17290258407592773,False
youtube,0.98,11.0,EfficientBFS,ub0,ub0,1.0,0.21115541458129883,False
youtube,0.98,11.0,EfficientBFS,ub2,ub2,1.0,0.15744471549987793,False
youtube,0.98,12.0,EfficientBFS,ub0,ub0,3.0,1.118631362915039,False
youtube,0.98,12.0,EfficientBFS,ub2,ub2,1.0,0.24074697494506836,False
youtube,0.98,13.0,EfficientBFS,ub0,ub0,3.0,1.2169945240020752,False
youtube,0.98,13.0,EfficientBFS,ub2,ub2,1.0,0.25162172317504883,False
youtube,0.98,14.0,EfficientBFS,ub0,ub0,3.0,0.9680483341217041,False
youtube,0.98,14.0,EfficientBFS,ub2,ub2,1.0,0.26958537101745605,False
youtube,0.98,15.0,EfficientBFS,ub0,ub0,3.0,1.1920931339263916,False
youtube,0.98,15.0,EfficientBFS,ub2,ub2,1.0,0.2514073848724365,False
