Archive,EMA_Enabled,Task,Ground_Size,Seed,Strategy,Local_Search,Dive_Bound,Budget,Alpha,Objective_f(S),Time_s,Node_Count,Open_List_Count,Solution_Set_Size
archive-95,False,facebook,1000,0,density_gap,False,True,6.0,0.95,307,0.2880091667175293,1,1,4
archive-97,False,facebook,1000,0,density_gap,False,False,6.0,0.95,307,0.2840077877044678,1,1,4
archive-97,False,facebook,1000,0,injection,False,False,6.0,0.95,307,0.4080839157104492,1,1,4
archive-95,False,facebook,1000,0,probing,False,False,6.0,0.95,307,0.2981081008911133,1,1,4
archive-95,False,facebook,1000,0,probing,False,True,6.0,0.95,307,0.32000136375427246,1,1,4
archive-97,False,facebook,1000,0,probing,False,False,6.0,0.95,307,0.2360520362854004,1,1,4
archive-95,False,facebook,1000,0,traditional,False,True,6.0,0.95,307,0.2409982681274414,1,1,4
archive-97,False,facebook,1000,0,traditional,False,False,6.0,0.95,307,0.25186753273010254,1,1,4
archive-95,False,facebook,1000,0,volume_biased,False,True,6.0,0.95,307,0.25999879837036133,1,1,4
archive-97,False,facebook,1000,0,volume_biased,False,False,6.0,0.95,307,0.2354578971862793,1,1,4
archive-95,False,facebook,1000,0,density_gap,False,True,7.0,0.95,335,0.39600110054016113,1,1,4
archive-97,False,facebook,1000,0,density_gap,False,False,7.0,0.95,335,0.34629201889038086,1,1,4
archive-97,False,facebook,1000,0,injection,False,False,7.0,0.95,335,0.4397420883178711,1,1,4
archive-95,False,facebook,1000,0,probing,False,False,7.0,0.95,335,0.45087671279907227,1,1,4
archive-95,False,facebook,1000,0,probing,False,True,7.0,0.95,335,0.37000393867492676,1,1,4
archive-97,False,facebook,1000,0,probing,False,False,7.0,0.95,335,0.3764650821685791,1,1,4
archive-95,False,facebook,1000,0,traditional,False,True,7.0,0.95,335,0.35558223724365234,1,1,4
archive-97,False,facebook,1000,0,traditional,False,False,7.0,0.95,335,0.29918766021728516,1,1,4
archive-95,False,facebook,1000,0,volume_biased,False,True,7.0,0.95,335,0.37400126457214355,1,1,4
archive-97,False,facebook,1000,0,volume_biased,False,False,7.0,0.95,335,0.3976707458496094,1,1,4
archive-95,False,facebook,1000,0,density_gap,False,True,8.0,0.95,366,0.5930054187774658,1,1,5
archive-97,False,facebook,1000,0,density_gap,False,False,8.0,0.95,366,0.6120731830596924,1,1,5
archive-97,False,facebook,1000,0,injection,False,False,8.0,0.95,366,0.6437745094299316,1,1,5
archive-95,False,facebook,1000,0,probing,False,False,8.0,0.95,366,0.6276233196258545,1,1,5
archive-95,False,facebook,1000,0,probing,False,True,8.0,0.95,366,0.8616073131561279,1,1,5
archive-97,False,facebook,1000,0,probing,False,False,8.0,0.95,366,0.6123216152191162,1,1,5
archive-95,False,facebook,1000,0,traditional,False,True,8.0,0.95,366,0.577003002166748,1,1,5
archive-97,False,facebook,1000,0,traditional,False,False,8.0,0.95,366,0.48729395866394043,1,1,5
archive-95,False,facebook,1000,0,volume_biased,False,True,8.0,0.95,366,0.6060106754302979,1,1,5
archive-97,False,facebook,1000,0,volume_biased,False,False,8.0,0.95,366,0.5032346248626709,1,1,5
archive-95,False,facebook,1000,0,density_gap,False,True,9.0,0.95,390,0.7397055625915527,1,1,6
archive-97,False,facebook,1000,0,density_gap,False,False,9.0,0.95,390,0.646226167678833,1,1,6
archive-97,False,facebook,1000,0,injection,False,False,9.0,0.95,390,0.7534363269805908,1,1,6
archive-95,False,facebook,1000,0,probing,False,False,9.0,0.95,390,0.8193469047546387,1,1,6
archive-95,False,facebook,1000,0,probing,False,True,9.0,0.95,390,0.8250076770782471,1,1,6
archive-97,False,facebook,1000,0,probing,False,False,9.0,0.95,390,0.6602234840393066,1,1,6
archive-95,False,facebook,1000,0,traditional,False,True,9.0,0.95,390,0.8220095634460449,1,1,6
archive-97,False,facebook,1000,0,traditional,False,False,9.0,0.95,390,0.7094297409057617,1,1,6
archive-95,False,facebook,1000,0,volume_biased,False,True,9.0,0.95,390,0.8330059051513672,1,1,6
archive-97,False,facebook,1000,0,volume_biased,False,False,9.0,0.95,390,0.6369040012359619,1,1,6
archive-95,False,facebook,1000,0,density_gap,False,True,10.0,0.95,411,0.9506738185882568,1,1,7
archive-97,False,facebook,1000,0,density_gap,False,False,10.0,0.95,411,0.7859783172607422,1,1,7
archive-97,False,facebook,1000,0,injection,False,False,10.0,0.95,411,0.7168521881103516,1,1,7
archive-95,False,facebook,1000,0,probing,False,False,10.0,0.95,411,0.8319602012634277,1,1,7
archive-95,False,facebook,1000,0,probing,False,True,10.0,0.95,411,0.9990055561065674,1,1,7
archive-97,False,facebook,1000,0,probing,False,False,10.0,0.95,411,0.8658339977264404,1,1,7
archive-95,False,facebook,1000,0,traditional,False,True,10.0,0.95,411,0.8996856212615967,1,1,7
archive-97,False,facebook,1000,0,traditional,False,False,10.0,0.95,411,0.7235009670257568,1,1,7
archive-95,False,facebook,1000,0,volume_biased,False,True,10.0,0.95,411,0.8040037155151367,1,1,7
archive-97,False,facebook,1000,0,volume_biased,False,False,10.0,0.95,411,0.800713062286377,1,1,7
archive-95,False,facebook,1000,0,density_gap,False,True,11.0,0.95,429,1.3626775741577148,1,1,8
archive-97,False,facebook,1000,0,density_gap,False,False,11.0,0.95,429,1.3509657382965088,1,1,8
archive-97,False,facebook,1000,0,injection,False,False,11.0,0.95,429,1.2719111442565918,1,1,8
archive-95,False,facebook,1000,0,probing,False,False,11.0,0.95,429,1.3813090324401855,1,1,8
archive-95,False,facebook,1000,0,probing,False,True,11.0,0.95,429,1.6396989822387695,1,1,8
archive-97,False,facebook,1000,0,probing,False,False,11.0,0.95,429,1.1160850524902344,1,1,8
archive-95,False,facebook,1000,0,traditional,False,True,11.0,0.95,429,1.4216296672821045,1,1,8
archive-97,False,facebook,1000,0,traditional,False,False,11.0,0.95,429,1.1945207118988037,1,1,8
archive-95,False,facebook,1000,0,volume_biased,False,True,11.0,0.95,429,1.4150054454803467,1,1,8
archive-97,False,facebook,1000,0,volume_biased,False,False,11.0,0.95,429,1.1861915588378906,1,1,8
archive-95,False,facebook,1000,0,density_gap,False,True,12.0,0.95,441,1.6770107746124268,1,1,9
archive-97,False,facebook,1000,0,density_gap,False,False,12.0,0.95,441,1.3036766052246094,1,1,9
archive-97,False,facebook,1000,0,injection,False,False,12.0,0.95,441,1.52590012550354,1,1,9
archive-95,False,facebook,1000,0,probing,False,False,12.0,0.95,441,1.679015874862671,1,1,9
archive-95,False,facebook,1000,0,probing,False,True,12.0,0.95,441,1.5820083618164062,1,1,9
archive-97,False,facebook,1000,0,probing,False,False,12.0,0.95,441,1.4474616050720215,1,1,9
archive-95,False,facebook,1000,0,traditional,False,True,12.0,0.95,441,1.5761847496032715,1,1,9
archive-97,False,facebook,1000,0,traditional,False,False,12.0,0.95,441,1.399900197982788,1,1,9
archive-95,False,facebook,1000,0,volume_biased,False,True,12.0,0.95,441,1.6356325149536133,1,1,9
archive-97,False,facebook,1000,0,volume_biased,False,False,12.0,0.95,441,1.2583210468292236,1,1,9
archive-95,False,facebook,1000,0,density_gap,False,True,13.0,0.95,448,64.28550148010254,16,1,9
archive-97,False,facebook,1000,0,density_gap,False,False,13.0,0.95,448,14.047008275985718,7,1,9
archive-97,False,facebook,1000,0,injection,False,False,13.0,0.95,448,12.686637878417969,7,1,9
archive-95,False,facebook,1000,0,probing,False,False,13.0,0.95,448,27.740691423416138,7,1,9
archive-95,False,facebook,1000,0,probing,False,True,13.0,0.95,448,27.271198511123657,7,1,9
archive-97,False,facebook,1000,0,probing,False,False,13.0,0.95,448,27.174669981002808,7,1,9
archive-95,False,facebook,1000,0,traditional,False,True,13.0,0.95,448,37.189342737197876,16,1,9
archive-97,False,facebook,1000,0,traditional,False,False,13.0,0.95,448,11.027966499328613,7,1,9
archive-95,False,facebook,1000,0,volume_biased,False,True,13.0,0.95,448,16.07573175430298,5,1,9
archive-97,False,facebook,1000,0,volume_biased,False,False,13.0,0.95,448,14.78040337562561,5,1,9
archive-95,False,facebook,1000,0,density_gap,False,True,14.0,0.95,462,56.92756414413452,16,1,10
archive-97,False,facebook,1000,0,density_gap,False,False,14.0,0.95,462,16.7826886177063,7,1,10
archive-97,False,facebook,1000,0,injection,False,False,14.0,0.95,462,11.681075096130371,7,1,10
archive-95,False,facebook,1000,0,probing,False,False,14.0,0.95,462,29.191835403442383,7,1,10
archive-95,False,facebook,1000,0,probing,False,True,14.0,0.95,462,28.297977924346924,7,1,10
archive-97,False,facebook,1000,0,probing,False,False,14.0,0.95,462,25.204282760620117,7,1,10
archive-95,False,facebook,1000,0,traditional,False,True,14.0,0.95,462,39.327073097229004,16,1,10
archive-97,False,facebook,1000,0,traditional,False,False,14.0,0.95,462,13.96013855934143,7,1,10
archive-95,False,facebook,1000,0,volume_biased,False,True,14.0,0.95,462,290.1895754337311,79,1,10
archive-97,False,facebook,1000,0,volume_biased,False,False,14.0,0.95,462,281.8100652694702,79,1,10
archive-95,False,facebook,1000,0,density_gap,False,True,15.0,0.95,478,312.9966924190521,79,1,10
archive-97,False,facebook,1000,0,density_gap,False,False,15.0,0.95,478,51.13932228088379,21,1,10
archive-97,False,facebook,1000,0,injection,False,False,15.0,0.95,478,24.523231267929077,13,1,10
archive-95,False,facebook,1000,0,probing,False,False,15.0,0.95,478,87.98307704925537,19,1,10
archive-95,False,facebook,1000,0,probing,False,True,15.0,0.95,478,84.61961507797241,19,1,10
archive-97,False,facebook,1000,0,probing,False,False,15.0,0.95,478,77.25730085372925,19,1,10
archive-95,False,facebook,1000,0,traditional,False,True,15.0,0.95,478,210.81308031082153,79,1,10
archive-97,False,facebook,1000,0,traditional,False,False,15.0,0.95,478,39.05662822723389,21,1,10
archive-95,False,facebook,1000,0,volume_biased,False,True,15.0,0.95,478,24.349839448928833,7,1,10
archive-97,False,facebook,1000,0,volume_biased,False,False,15.0,0.95,478,22.151222229003906,7,1,10
archive-95,False,facebook,1000,0,density_gap,False,True,16.0,0.95,489,222.84158277511597,55,1,11
archive-97,False,facebook,1000,0,density_gap,False,False,16.0,0.95,489,52.309117794036865,21,1,11
archive-97,False,facebook,1000,0,injection,False,False,16.0,0.95,489,23.81408929824829,13,1,11
archive-95,False,facebook,1000,0,probing,False,False,16.0,0.95,489,91.53740334510803,19,1,11
archive-95,False,facebook,1000,0,probing,False,True,16.0,0.95,489,77.39286804199219,19,1,11
archive-97,False,facebook,1000,0,probing,False,False,16.0,0.95,489,74.13694667816162,19,1,11
archive-95,False,facebook,1000,0,traditional,False,True,16.0,0.95,489,149.36951351165771,55,1,11
archive-97,False,facebook,1000,0,traditional,False,False,16.0,0.95,489,41.67834138870239,21,1,11
archive-95,False,facebook,1000,0,volume_biased,False,True,16.0,0.95,489,405.4670376777649,105,1,11
archive-97,False,facebook,1000,0,volume_biased,False,False,16.0,0.95,489,370.1359691619873,105,1,11
archive-95,False,facebook,1000,0,density_gap,False,True,17.0,0.95,495,214.3344008922577,59,1,11
archive-97,False,facebook,1000,0,density_gap,False,False,17.0,0.95,495,55.778141021728516,23,1,11
archive-97,False,facebook,1000,0,injection,False,False,17.0,0.95,495,31.857519149780273,15,1,11
archive-95,False,facebook,1000,0,probing,False,False,17.0,0.95,495,97.10655426979065,19,1,11
archive-95,False,facebook,1000,0,probing,False,True,17.0,0.95,495,82.68231749534607,19,1,11
archive-97,False,facebook,1000,0,probing,False,False,17.0,0.95,495,80.68189740180969,19,1,11
archive-95,False,facebook,1000,0,traditional,False,True,17.0,0.95,495,149.89343786239624,59,1,11
archive-97,False,facebook,1000,0,traditional,False,False,17.0,0.95,495,45.88643503189087,23,1,11
archive-95,False,facebook,1000,0,volume_biased,False,True,17.0,0.95,495,416.2416708469391,113,1,11
archive-97,False,facebook,1000,0,volume_biased,False,False,17.0,0.95,495,402.154394865036,113,1,11
archive-95,False,facebook,1000,0,density_gap,False,True,18.0,0.95,506,304.5912868976593,84,1,12
archive-97,False,facebook,1000,0,density_gap,False,False,18.0,0.95,506,71.93582153320312,27,1,12
archive-97,False,facebook,1000,0,injection,False,False,18.0,0.95,506,46.78701567649841,19,1,12
archive-95,False,facebook,1000,0,probing,False,False,18.0,0.95,506,131.9185221195221,25,1,12
archive-95,False,facebook,1000,0,probing,False,True,18.0,0.95,506,109.69217538833618,25,1,12
archive-97,False,facebook,1000,0,probing,False,False,18.0,0.95,506,111.92106246948242,25,1,12
archive-95,False,facebook,1000,0,traditional,False,True,18.0,0.95,506,211.48581194877625,84,1,12
archive-97,False,facebook,1000,0,traditional,False,False,18.0,0.95,506,59.213117599487305,27,1,12
archive-95,False,facebook,1000,0,volume_biased,False,True,18.0,0.95,506,365.2550859451294,93,1,12
archive-97,False,facebook,1000,0,volume_biased,False,False,18.0,0.95,506,346.82082629203796,93,1,12
archive-95,False,facebook,1000,0,density_gap,False,True,19.0,0.95,517,453.35802364349365,123,1,13
archive-97,False,facebook,1000,0,density_gap,False,False,19.0,0.95,517,94.41808819770813,33,1,13
archive-97,False,facebook,1000,0,injection,False,False,19.0,0.95,517,55.13627052307129,23,1,13
archive-95,False,facebook,1000,0,probing,False,False,19.0,0.95,517,171.85797929763794,31,1,13
archive-95,False,facebook,1000,0,probing,False,True,19.0,0.95,517,134.48674750328064,31,1,13
archive-97,False,facebook,1000,0,probing,False,False,19.0,0.95,517,141.9181032180786,31,1,13
archive-95,False,facebook,1000,0,traditional,False,True,19.0,0.95,517,319.1135425567627,123,1,13
archive-97,False,facebook,1000,0,traditional,False,False,19.0,0.95,517,76.996262550354,33,1,13
archive-95,False,facebook,1000,0,volume_biased,False,True,19.0,0.95,517,365.73042941093445,95,1,13
archive-97,False,facebook,1000,0,volume_biased,False,False,19.0,0.95,517,380.72802090644836,95,1,13
archive-95,False,facebook,1000,0,density_gap,False,True,20.0,0.95,527,546.0538096427917,147,1,14
archive-97,False,facebook,1000,0,density_gap,False,False,20.0,0.95,527,106.81918907165527,36,1,14
archive-97,False,facebook,1000,0,injection,False,False,20.0,0.95,527,59.46087384223938,24,1,14
archive-95,False,facebook,1000,0,probing,False,False,20.0,0.95,527,202.9774146080017,35,1,14
archive-95,False,facebook,1000,0,probing,False,True,20.0,0.95,527,160.40947699546814,35,1,14
archive-97,False,facebook,1000,0,probing,False,False,20.0,0.95,527,170.5440056324005,35,1,14
archive-95,False,facebook,1000,0,traditional,False,True,20.0,0.95,527,375.65834522247314,147,1,14
archive-97,False,facebook,1000,0,traditional,False,False,20.0,0.95,527,88.93323802947998,36,1,14
archive-95,False,facebook,1000,0,volume_biased,False,True,20.0,0.95,527,572.1807889938354,143,1,14
archive-97,False,facebook,1000,0,volume_biased,False,False,20.0,0.95,527,604.3597028255463,143,1,14
archive-95,False,facebook,1000,0,density_gap,False,True,21.0,0.95,537,789.8657281398773,209,1,15
archive-97,False,facebook,1000,0,density_gap,False,False,21.0,0.95,537,165.1890585422516,56,1,15
archive-97,False,facebook,1000,0,injection,False,False,21.0,0.95,537,72.4073851108551,30,1,15
archive-95,False,facebook,1000,0,probing,False,False,21.0,0.95,537,330.2623085975647,56,1,15
archive-95,False,facebook,1000,0,probing,False,True,21.0,0.95,537,265.94235730171204,56,1,15
archive-97,False,facebook,1000,0,probing,False,False,21.0,0.95,537,256.0189378261566,56,1,15
archive-95,False,facebook,1000,0,traditional,False,True,21.0,0.95,537,568.0152189731598,209,1,15
archive-97,False,facebook,1000,0,traditional,False,False,21.0,0.95,537,140.66201543807983,56,1,15
archive-95,False,facebook,1000,0,volume_biased,False,True,21.0,0.95,537,520.5107471942902,122,1,15
archive-97,False,facebook,1000,0,volume_biased,False,False,21.0,0.95,537,499.33923530578613,122,1,15
archive-95,False,facebook,1000,0,density_gap,False,True,22.0,0.95,547,885.8516154289246,219,1,16
archive-97,False,facebook,1000,0,density_gap,False,False,22.0,0.95,547,168.61635780334473,56,1,16
archive-97,False,facebook,1000,0,injection,False,False,22.0,0.95,547,91.25317335128784,36,1,16
archive-95,False,facebook,1000,0,probing,False,False,22.0,0.95,547,301.9386348724365,56,1,16
archive-95,False,facebook,1000,0,probing,False,True,22.0,0.95,547,282.83872985839844,56,1,16
archive-97,False,facebook,1000,0,probing,False,False,22.0,0.95,547,272.32692766189575,56,1,16
archive-95,False,facebook,1000,0,traditional,False,True,22.0,0.95,547,619.383261680603,219,1,16
archive-97,False,facebook,1000,0,traditional,False,False,22.0,0.95,547,136.2602744102478,56,1,16
archive-95,False,facebook,1000,0,volume_biased,False,True,22.0,0.95,547,457.8659484386444,102,1,16
archive-97,False,facebook,1000,0,volume_biased,False,False,22.0,0.95,547,445.5117681026459,102,1,16
archive-95,False,facebook,1000,0,density_gap,False,True,23.0,0.95,554,1464.8166801929474,311,1,16
archive-97,False,facebook,1000,0,density_gap,False,False,23.0,0.95,554,307.48954463005066,96,1,16
archive-97,False,facebook,1000,0,injection,False,False,23.0,0.95,554,177.31458973884583,68,1,16
archive-95,False,facebook,1000,0,probing,False,False,23.0,0.95,554,505.7890238761902,90,1,16
archive-95,False,facebook,1000,0,probing,False,True,23.0,0.95,554,482.5797288417816,90,1,16
archive-97,False,facebook,1000,0,probing,False,False,23.0,0.95,554,453.2886817455292,90,1,16
archive-95,False,facebook,1000,0,traditional,False,True,23.0,0.95,554,1034.2845520973206,311,1,16
archive-97,False,facebook,1000,0,traditional,False,False,23.0,0.95,554,245.71214270591736,96,1,16
archive-95,False,facebook,1000,0,volume_biased,False,True,23.0,0.95,554,759.1807546615601,158,1,16
archive-97,False,facebook,1000,0,volume_biased,False,False,23.0,0.95,554,735.47238945961,158,1,16
archive-95,False,facebook,1000,0,density_gap,False,True,24.0,0.95,561,1409.2963182926178,298,1,17
archive-97,False,facebook,1000,0,density_gap,False,False,24.0,0.95,561,311.67825269699097,94,1,17
archive-97,False,facebook,1000,0,injection,False,False,24.0,0.95,561,352.6908550262451,130,1,17
archive-95,False,facebook,1000,0,probing,False,False,24.0,0.95,561,504.4154396057129,88,1,17
archive-95,False,facebook,1000,0,probing,False,True,24.0,0.95,561,491.2631995677948,88,1,17
archive-97,False,facebook,1000,0,probing,False,False,24.0,0.95,561,462.224871635437,88,1,17
archive-95,False,facebook,1000,0,traditional,False,True,24.0,0.95,561,1015.8757429122925,298,1,17
archive-97,False,facebook,1000,0,traditional,False,False,24.0,0.95,561,258.5308139324188,94,1,17
archive-95,False,facebook,1000,0,volume_biased,False,True,24.0,0.95,561,879.184396982193,166,1,17
archive-97,False,facebook,1000,0,volume_biased,False,False,24.0,0.95,561,829.3979923725128,166,1,17
archive-95,False,facebook,1000,0,density_gap,False,True,25.0,0.95,564,3906.7104732990265,752,1,17
archive-97,False,facebook,1000,0,density_gap,False,False,25.0,0.95,564,849.8343260288239,246,1,17
archive-97,False,facebook,1000,0,injection,False,False,25.0,0.95,564,318.4964096546173,112,1,17
archive-95,False,facebook,1000,0,probing,False,False,25.0,0.95,564,2834.0066928863525,856,1,17
archive-95,False,facebook,1000,0,probing,False,True,25.0,0.95,564,1385.4102654457092,246,1,17
archive-97,False,facebook,1000,0,probing,False,False,25.0,0.95,564,1338.4967985153198,246,1,17
archive-95,False,facebook,1000,0,traditional,False,True,25.0,0.95,564,2757.5120463371277,752,1,17
archive-97,False,facebook,1000,0,traditional,False,False,25.0,0.95,564,676.052267074585,246,1,17
archive-95,False,facebook,1000,0,volume_biased,False,True,25.0,0.95,564,1062.858348608017,192,1,17
archive-97,False,facebook,1000,0,volume_biased,False,False,25.0,0.95,564,1007.6805431842804,192,1,17
archive-95,False,facebook,1000,0,density_gap,False,True,26.0,0.95,576,4105.4981915950775,780,1,18
archive-97,False,facebook,1000,0,density_gap,False,False,26.0,0.95,576,870.2720115184784,240,1,18
archive-97,False,facebook,1000,0,injection,False,False,26.0,0.95,576,402.8541522026062,134,1,18
archive-95,False,facebook,1000,0,probing,False,False,26.0,0.95,576,3115.27147936821,903,1,18
archive-95,False,facebook,1000,0,probing,False,True,26.0,0.95,576,1447.3130521774292,240,1,18
archive-97,False,facebook,1000,0,probing,False,False,26.0,0.95,576,1390.9963669776917,240,1,18
archive-95,False,facebook,1000,0,traditional,False,True,26.0,0.95,576,2898.6575005054474,780,1,18
archive-97,False,facebook,1000,0,traditional,False,False,26.0,0.95,576,699.7923982143402,240,1,18
archive-95,False,facebook,1000,0,volume_biased,False,True,26.0,0.95,576,1291.6089618206024,224,1,18
archive-97,False,facebook,1000,0,volume_biased,False,False,26.0,0.95,576,1259.3919956684113,224,1,18
archive-95,False,facebook,1000,0,density_gap,False,True,27.0,0.95,585,4669.853384256363,873,1,19
archive-97,False,facebook,1000,0,density_gap,False,False,27.0,0.95,585,1010.9247839450836,266,1,19
archive-97,False,facebook,1000,0,injection,False,False,27.0,0.95,585,437.4603772163391,138,1,19
archive-95,False,facebook,1000,0,probing,False,False,27.0,0.95,585,3589.078364133835,1014,1,19
archive-95,False,facebook,1000,0,probing,False,True,27.0,0.95,585,1708.4754838943481,270,1,19
archive-97,False,facebook,1000,0,probing,False,False,27.0,0.95,585,1658.3140606880188,270,1,19
archive-95,False,facebook,1000,0,traditional,False,True,27.0,0.95,585,3359.238941669464,873,1,19
archive-97,False,facebook,1000,0,traditional,False,False,27.0,0.95,585,808.1899869441986,266,1,19
archive-95,False,facebook,1000,0,volume_biased,False,True,27.0,0.95,585,1283.262416601181,210,1,19
archive-97,False,facebook,1000,0,volume_biased,False,False,27.0,0.95,585,1242.480062007904,210,1,19
archive-95,False,facebook,1000,0,density_gap,False,True,28.0,0.95,585,5165.416136980057,923,1,20
archive-97,False,facebook,1000,0,density_gap,False,False,28.0,0.95,585,1097.1763055324554,278,1,20
archive-97,False,facebook,1000,0,injection,False,False,28.0,0.95,585,744.3997519016266,234,1,20
archive-95,False,facebook,1000,0,probing,False,False,28.0,0.95,585,3824.3556826114655,1112,1,20
archive-95,False,facebook,1000,0,probing,False,True,28.0,0.95,585,1795.8888125419617,274,1,20
archive-97,False,facebook,1000,0,probing,False,False,28.0,0.95,585,1725.8951444625854,274,1,20
archive-95,False,facebook,1000,0,traditional,False,True,28.0,0.95,585,3762.6720011234283,923,1,20
archive-97,False,facebook,1000,0,traditional,False,False,28.0,0.95,585,897.6062948703766,278,1,20
archive-95,False,facebook,1000,0,volume_biased,False,True,28.0,0.95,585,1310.9075486660004,200,1,20
archive-97,False,facebook,1000,0,volume_biased,False,False,28.0,0.95,585,1252.3366315364838,200,1,20
archive-95,False,facebook,1000,0,density_gap,False,True,29.0,0.95,605,1634.5503067970276,202,1,19
archive-97,False,facebook,1000,0,density_gap,False,False,29.0,0.95,592,1667.8591377735138,420,1,20
archive-97,False,facebook,1000,0,injection,False,False,29.0,0.95,592,829.8890571594238,264,1,20
archive-95,False,facebook,1000,0,probing,False,False,29.0,0.95,592,5879.349583864212,1818,1,20
archive-95,False,facebook,1000,0,probing,False,True,29.0,0.95,592,2634.5451583862305,376,1,20
archive-97,False,facebook,1000,0,probing,False,False,29.0,0.95,592,2383.0760118961334,390,1,20
archive-95,False,facebook,1000,0,traditional,False,True,29.0,0.95,605,1264.2735781669617,202,1,19
archive-97,False,facebook,1000,0,traditional,False,False,29.0,0.95,592,1534.6524283885956,420,1,20
archive-95,False,facebook,1000,0,volume_biased,False,True,29.0,0.95,592,1819.9623880386353,248,1,20
archive-97,False,facebook,1000,0,volume_biased,False,False,29.0,0.95,592,1577.4179561138153,248,1,20
archive-95,False,facebook,1000,0,density_gap,False,True,30.0,0.95,611,1535.9577922821045,201,1,19
archive-97,False,facebook,1000,0,density_gap,False,False,30.0,0.95,602,2035.5285851955414,514,1,20
archive-97,False,facebook,1000,0,injection,False,False,30.0,0.95,602,804.9216387271881,242,1,20
archive-95,False,facebook,1000,0,probing,False,False,30.0,0.95,602,6957.920043230057,2110,1,20
archive-95,False,facebook,1000,0,probing,False,True,30.0,0.95,602,3388.3421499729156,430,1,20
archive-97,False,facebook,1000,0,probing,False,False,30.0,0.95,602,3098.5489270687103,480,1,20
archive-95,False,facebook,1000,0,traditional,False,True,30.0,0.95,611,1210.8267278671265,201,1,19
archive-97,False,facebook,1000,0,traditional,False,False,30.0,0.95,602,1672.2271673679352,514,1,20
archive-95,False,facebook,1000,0,volume_biased,False,True,30.0,0.95,602,2043.7824993133545,282,1,20
archive-97,False,facebook,1000,0,volume_biased,False,False,30.0,0.95,602,1864.3724076747894,282,1,20
