Task,Ground_Size,Seed,Algorithm,Strategy,Local_Search,Heuristic,Sorting,Budget,Alpha,Model,Objective_f(S),Cost_c(S),Time_s,Node_Count,Open_List_Count,Solution_Set_Size
adult,111,0,EfficientBFS,density_gap,False,ub2,d,6.0,0.95,AdultIncomeFeatureSelection,7.206554549128117,5.836918288895902,29.113479375839233,5,1,5
adult,111,0,EfficientBFS,look_ahead,False,ub2,d,6.0,0.95,AdultIncomeFeatureSelection,7.206554549128117,5.836918288895902,30.124027013778687,4,1,5
adult,111,0,EfficientBFS,traditional,False,ub2,d,6.0,0.95,AdultIncomeFeatureSelection,7.206554549128117,5.836918288895902,32.1396644115448,5,1,5
adult,111,0,EfficientBFS,density_gap,False,ub2,d,7.0,0.95,AdultIncomeFeatureSelection,7.206554549128117,6.999571383596946,59.563825368881226,22,1,6
adult,111,0,EfficientBFS,look_ahead,False,ub2,d,7.0,0.95,AdultIncomeFeatureSelection,7.206554549128117,6.999571383596946,64.52678036689758,17,1,6
adult,111,0,EfficientBFS,traditional,False,ub2,d,7.0,0.95,AdultIncomeFeatureSelection,7.206554549128117,6.999571383596946,54.6501784324646,22,1,6
adult,111,0,EfficientBFS,density_gap,False,ub2,d,8.0,0.95,AdultIncomeFeatureSelection,8.120308338114878,7.606156453874604,64.32674765586853,13,1,6
adult,111,0,EfficientBFS,look_ahead,False,ub2,d,8.0,0.95,AdultIncomeFeatureSelection,8.120308338114878,7.606156453874604,59.28591322898865,7,1,6
adult,111,0,EfficientBFS,traditional,False,ub2,d,8.0,0.95,AdultIncomeFeatureSelection,8.120308338114878,7.606156453874604,60.66512656211853,13,1,6
adult,111,0,EfficientBFS,density_gap,False,ub2,d,9.0,0.95,AdultIncomeFeatureSelection,8.270787166482998,8.93153812094754,150.8396337032318,35,1,7
adult,111,0,EfficientBFS,look_ahead,False,ub2,d,9.0,0.95,AdultIncomeFeatureSelection,8.270787166482998,8.93153812094754,159.03496646881104,29,1,7
adult,111,0,EfficientBFS,traditional,False,ub2,d,9.0,0.95,AdultIncomeFeatureSelection,8.270787166482998,8.93153812094754,146.00421619415283,35,1,7
adult,111,0,EfficientBFS,density_gap,False,ub2,d,10.0,0.95,AdultIncomeFeatureSelection,8.655822627528229,9.30543439168037,16.314617395401,1,1,7
adult,111,0,EfficientBFS,look_ahead,False,ub2,d,10.0,0.95,AdultIncomeFeatureSelection,8.655822627528229,9.30543439168037,15.942026376724243,1,1,7
adult,111,0,EfficientBFS,traditional,False,ub2,d,10.0,0.95,AdultIncomeFeatureSelection,8.655822627528229,9.30543439168037,16.31403875350952,1,1,7
adult,111,0,EfficientBFS,density_gap,False,ub2,d,11.0,0.95,AdultIncomeFeatureSelection,8.783987100764925,10.630816058753307,17.66369652748108,1,1,8
adult,111,0,EfficientBFS,look_ahead,False,ub2,d,11.0,0.95,AdultIncomeFeatureSelection,8.783987100764925,10.630816058753307,16.913641214370728,1,1,8
adult,111,0,EfficientBFS,traditional,False,ub2,d,11.0,0.95,AdultIncomeFeatureSelection,8.783987100764925,10.630816058753307,17.50187659263611,1,1,8
adult,111,0,EfficientBFS,density_gap,False,ub2,d,12.0,0.95,AdultIncomeFeatureSelection,8.97806831132171,11.263098232424204,17.038724899291992,1,1,8
adult,111,0,EfficientBFS,look_ahead,False,ub2,d,12.0,0.95,AdultIncomeFeatureSelection,8.97806831132171,11.263098232424204,17.73250436782837,1,1,8
adult,111,0,EfficientBFS,traditional,False,ub2,d,12.0,0.95,AdultIncomeFeatureSelection,8.97806831132171,11.263098232424204,17.054994821548462,1,1,8
adult,111,0,EfficientBFS,density_gap,False,ub2,d,13.0,0.95,AdultIncomeFeatureSelection,9.04398504864179,12.588479899497141,18.77106499671936,1,1,9
adult,111,0,EfficientBFS,look_ahead,False,ub2,d,13.0,0.95,AdultIncomeFeatureSelection,9.04398504864179,12.588479899497141,18.431145668029785,1,1,9
adult,111,0,EfficientBFS,traditional,False,ub2,d,13.0,0.95,AdultIncomeFeatureSelection,9.04398504864179,12.588479899497141,19.195900678634644,1,1,9
adult,111,0,EfficientBFS,density_gap,False,ub2,d,14.0,0.95,AdultIncomeFeatureSelection,9.15488859753139,13.361953606101252,17.994911193847656,1,1,9
adult,111,0,EfficientBFS,look_ahead,False,ub2,d,14.0,0.95,AdultIncomeFeatureSelection,9.15488859753139,13.361953606101252,19.00849986076355,1,1,9
adult,111,0,EfficientBFS,traditional,False,ub2,d,14.0,0.95,AdultIncomeFeatureSelection,9.15488859753139,13.361953606101252,18.001939058303833,1,1,9
adult,111,0,EfficientBFS,density_gap,False,ub2,d,15.0,0.95,AdultIncomeFeatureSelection,9.15488859753139,14.895635822911448,18.509318351745605,1,1,10
adult,111,0,EfficientBFS,look_ahead,False,ub2,d,15.0,0.95,AdultIncomeFeatureSelection,9.15488859753139,14.895635822911448,18.295443296432495,1,1,10
adult,111,0,EfficientBFS,traditional,False,ub2,d,15.0,0.95,AdultIncomeFeatureSelection,9.15488859753139,14.895635822911448,18.792745113372803,1,1,10
adult,111,0,EfficientBFS,density_gap,False,ub2,d,16.0,0.95,AdultIncomeFeatureSelection,9.182614484753786,15.32247523740667,18.95372462272644,1,1,10
adult,111,0,EfficientBFS,look_ahead,False,ub2,d,16.0,0.95,AdultIncomeFeatureSelection,9.182614484753786,15.32247523740667,18.959712028503418,1,1,10
adult,111,0,EfficientBFS,traditional,False,ub2,d,16.0,0.95,AdultIncomeFeatureSelection,9.182614484753786,15.32247523740667,19.42991304397583,1,1,10
adult,111,0,EfficientBFS,density_gap,False,ub2,d,17.0,0.95,AdultIncomeFeatureSelection,9.210340371976184,16.248455266486403,18.10439944267273,1,1,10
adult,111,0,EfficientBFS,look_ahead,False,ub2,d,17.0,0.95,AdultIncomeFeatureSelection,9.210340371976184,16.248455266486403,18.77658176422119,1,1,10
adult,111,0,EfficientBFS,traditional,False,ub2,d,17.0,0.95,AdultIncomeFeatureSelection,9.210340371976184,16.248455266486403,18.41235661506653,1,1,10
adult,111,0,EfficientBFS,density_gap,False,ub2,d,18.0,0.95,AdultIncomeFeatureSelection,9.210340371976184,17.782137483296598,18.532795906066895,1,1,11
adult,111,0,EfficientBFS,look_ahead,False,ub2,d,18.0,0.95,AdultIncomeFeatureSelection,9.210340371976184,17.782137483296598,19.43785834312439,1,1,11
adult,111,0,EfficientBFS,traditional,False,ub2,d,18.0,0.95,AdultIncomeFeatureSelection,9.210340371976184,17.782137483296598,18.190171480178833,1,1,11
adult,111,0,EfficientBFS,density_gap,False,ub2,d,19.0,0.95,AdultIncomeFeatureSelection,9.210340371976184,18.855722555336577,18.77397108078003,1,1,11
adult,111,0,EfficientBFS,look_ahead,False,ub2,d,19.0,0.95,AdultIncomeFeatureSelection,9.210340371976184,18.855722555336577,18.535348892211914,1,1,11
adult,111,0,EfficientBFS,traditional,False,ub2,d,19.0,0.95,AdultIncomeFeatureSelection,9.210340371976184,18.855722555336577,18.568010330200195,1,1,11
adult,111,0,EfficientBFS,density_gap,False,ub2,d,20.0,0.95,AdultIncomeFeatureSelection,9.210340371976184,19.972442346931373,18.078550815582275,1,1,11
adult,111,0,EfficientBFS,look_ahead,False,ub2,d,20.0,0.95,AdultIncomeFeatureSelection,9.210340371976184,19.972442346931373,19.04493260383606,1,1,11
adult,111,0,EfficientBFS,traditional,False,ub2,d,20.0,0.95,AdultIncomeFeatureSelection,9.210340371976184,19.972442346931373,18.92314076423645,1,1,11
adult,111,0,EfficientBFS,density_gap,False,ub2,d,21.0,0.95,AdultIncomeFeatureSelection,9.210340371976184,20.88785997610681,18.7643461227417,1,1,11
adult,111,0,EfficientBFS,look_ahead,False,ub2,d,21.0,0.95,AdultIncomeFeatureSelection,9.210340371976184,20.88785997610681,18.36177349090576,1,1,11
adult,111,0,EfficientBFS,traditional,False,ub2,d,21.0,0.95,AdultIncomeFeatureSelection,9.210340371976184,20.88785997610681,18.79095721244812,1,1,11
adult,111,0,EfficientBFS,density_gap,False,ub2,d,22.0,0.95,AdultIncomeFeatureSelection,9.210340371976184,21.162516013579996,19.559141874313354,1,1,11
adult,111,0,EfficientBFS,look_ahead,False,ub2,d,22.0,0.95,AdultIncomeFeatureSelection,9.210340371976184,21.162516013579996,19.048158407211304,1,1,11
adult,111,0,EfficientBFS,traditional,False,ub2,d,22.0,0.95,AdultIncomeFeatureSelection,9.210340371976184,21.162516013579996,18.857052326202393,1,1,11
adult,111,0,EfficientBFS,density_gap,False,ub2,d,23.0,0.95,AdultIncomeFeatureSelection,9.210340371976184,22.168612901006874,18.324655055999756,1,1,12
adult,111,0,EfficientBFS,look_ahead,False,ub2,d,23.0,0.95,AdultIncomeFeatureSelection,9.210340371976184,22.168612901006874,19.412322998046875,1,1,12
adult,111,0,EfficientBFS,traditional,False,ub2,d,23.0,0.95,AdultIncomeFeatureSelection,9.210340371976184,22.168612901006874,19.284092664718628,1,1,12
adult,111,0,EfficientBFS,density_gap,False,ub2,d,24.0,0.95,AdultIncomeFeatureSelection,9.210340371976184,23.21835817632413,18.412850379943848,1,1,13
adult,111,0,EfficientBFS,look_ahead,False,ub2,d,24.0,0.95,AdultIncomeFeatureSelection,9.210340371976184,23.21835817632413,19.091445207595825,1,1,13
adult,111,0,EfficientBFS,traditional,False,ub2,d,24.0,0.95,AdultIncomeFeatureSelection,9.210340371976184,23.21835817632413,18.696340322494507,1,1,13
adult,111,0,EfficientBFS,density_gap,False,ub2,d,25.0,0.95,AdultIncomeFeatureSelection,9.210340371976184,24.381011271025177,19.097938537597656,1,1,14
adult,111,0,EfficientBFS,look_ahead,False,ub2,d,25.0,0.95,AdultIncomeFeatureSelection,9.210340371976184,24.381011271025177,18.69817805290222,1,1,14
adult,111,0,EfficientBFS,traditional,False,ub2,d,25.0,0.95,AdultIncomeFeatureSelection,9.210340371976184,24.381011271025177,18.808937311172485,1,1,14
adult,111,0,EfficientBFS,density_gap,False,ub2,d,26.0,0.95,AdultIncomeFeatureSelection,9.210340371976184,25.54902939889454,18.742215633392334,1,1,15
adult,111,0,EfficientBFS,look_ahead,False,ub2,d,26.0,0.95,AdultIncomeFeatureSelection,9.210340371976184,25.54902939889454,19.139869928359985,1,1,15
adult,111,0,EfficientBFS,traditional,False,ub2,d,26.0,0.95,AdultIncomeFeatureSelection,9.210340371976184,25.54902939889454,19.43812108039856,1,1,15
adult,111,0,EfficientBFS,density_gap,False,ub2,d,27.0,0.95,AdultIncomeFeatureSelection,9.210340371976184,26.940166766097178,19.183350324630737,1,1,16
adult,111,0,EfficientBFS,look_ahead,False,ub2,d,27.0,0.95,AdultIncomeFeatureSelection,9.210340371976184,26.940166766097178,19.461454153060913,1,1,16
adult,111,0,EfficientBFS,traditional,False,ub2,d,27.0,0.95,AdultIncomeFeatureSelection,9.210340371976184,26.940166766097178,18.963614225387573,1,1,16
adult,111,0,EfficientBFS,density_gap,False,ub2,d,28.0,0.95,AdultIncomeFeatureSelection,9.210340371976184,26.940166766097178,18.603804111480713,1,1,16
adult,111,0,EfficientBFS,look_ahead,False,ub2,d,28.0,0.95,AdultIncomeFeatureSelection,9.210340371976184,26.940166766097178,18.737714052200317,1,1,16
adult,111,0,EfficientBFS,traditional,False,ub2,d,28.0,0.95,AdultIncomeFeatureSelection,9.210340371976184,26.940166766097178,19.255510807037354,1,1,16
adult,111,0,EfficientBFS,density_gap,False,ub2,d,29.0,0.95,AdultIncomeFeatureSelection,9.210340371976184,28.340889522352015,20.186577320098877,1,1,17
adult,111,0,EfficientBFS,look_ahead,False,ub2,d,29.0,0.95,AdultIncomeFeatureSelection,9.210340371976184,28.340889522352015,18.942007780075073,1,1,17
adult,111,0,EfficientBFS,traditional,False,ub2,d,29.0,0.95,AdultIncomeFeatureSelection,9.210340371976184,28.340889522352015,18.5845468044281,1,1,17
adult,111,0,EfficientBFS,density_gap,False,ub2,d,30.0,0.95,AdultIncomeFeatureSelection,9.210340371976184,29.816505101490996,19.32832908630371,1,1,18
adult,111,0,EfficientBFS,look_ahead,False,ub2,d,30.0,0.95,AdultIncomeFeatureSelection,9.210340371976184,29.816505101490996,18.85203194618225,1,1,18
adult,111,0,EfficientBFS,traditional,False,ub2,d,30.0,0.95,AdultIncomeFeatureSelection,9.210340371976184,29.816505101490996,18.497982501983643,1,1,18
caltech,767,0,EfficientBFS,density_gap,False,ub2,d,6.0,0.95,CalTechMaximization,334.6860300087528,5.80060697008937,127.9112753868103,1,1,5
caltech,767,0,EfficientBFS,look_ahead,False,ub2,d,6.0,0.95,CalTechMaximization,334.6860300087528,5.80060697008937,124.8828399181366,1,1,5
caltech,767,0,EfficientBFS,traditional,False,ub2,d,6.0,0.95,CalTechMaximization,334.6860300087528,5.80060697008937,135.34901237487793,1,1,5
caltech,767,0,EfficientBFS,density_gap,False,ub2,d,7.0,0.95,CalTechMaximization,351.66209690815094,6.0501380230038535,1027.3052966594696,11,1,5
caltech,767,0,EfficientBFS,look_ahead,False,ub2,d,7.0,0.95,CalTechMaximization,351.66209690815094,6.0501380230038535,1229.358208656311,11,1,5
caltech,767,0,EfficientBFS,traditional,False,ub2,d,7.0,0.95,CalTechMaximization,351.66209690815094,6.0501380230038535,772.0629720687866,11,1,5
caltech,767,0,EfficientBFS,density_gap,False,ub2,d,8.0,0.95,CalTechMaximization,419.77594400428524,7.62639316652206,115.13634371757507,1,1,6
caltech,767,0,EfficientBFS,look_ahead,False,ub2,d,8.0,0.95,CalTechMaximization,419.77594400428524,7.62639316652206,118.60539937019348,1,1,6
caltech,767,0,EfficientBFS,traditional,False,ub2,d,8.0,0.95,CalTechMaximization,419.77594400428524,7.62639316652206,116.16455101966858,1,1,6
caltech,767,0,EfficientBFS,density_gap,False,ub2,d,9.0,0.95,CalTechMaximization,466.34941561494287,8.801822995766624,117.19777131080627,1,1,7
caltech,767,0,EfficientBFS,look_ahead,False,ub2,d,9.0,0.95,CalTechMaximization,466.34941561494287,8.801822995766624,113.12445783615112,1,1,7
caltech,767,0,EfficientBFS,traditional,False,ub2,d,9.0,0.95,CalTechMaximization,466.34941561494287,8.801822995766624,119.19481682777405,1,1,7
caltech,767,0,EfficientBFS,density_gap,False,ub2,d,10.0,0.95,CalTechMaximization,506.0819015571379,9.87015513041164,113.12526941299438,1,1,8
caltech,767,0,EfficientBFS,look_ahead,False,ub2,d,10.0,0.95,CalTechMaximization,506.0819015571379,9.87015513041164,115.1032202243805,1,1,8
caltech,767,0,EfficientBFS,traditional,False,ub2,d,10.0,0.95,CalTechMaximization,506.0819015571379,9.87015513041164,113.53335523605347,1,1,8
caltech,767,0,EfficientBFS,density_gap,False,ub2,d,11.0,0.95,CalTechMaximization,540.2370492404575,10.901918913780811,113.75113010406494,1,1,9
caltech,767,0,EfficientBFS,look_ahead,False,ub2,d,11.0,0.95,CalTechMaximization,540.2370492404575,10.901918913780811,114.85207724571228,1,1,9
caltech,767,0,EfficientBFS,traditional,False,ub2,d,11.0,0.95,CalTechMaximization,540.2370492404575,10.901918913780811,116.68670845031738,1,1,9
caltech,767,0,EfficientBFS,density_gap,False,ub2,d,12.0,0.95,CalTechMaximization,555.6315072250653,11.286781568092035,272.79858326911926,3,1,9
caltech,767,0,EfficientBFS,look_ahead,False,ub2,d,12.0,0.95,CalTechMaximization,555.6315072250653,11.286781568092035,274.91617465019226,3,1,9
caltech,767,0,EfficientBFS,traditional,False,ub2,d,12.0,0.95,CalTechMaximization,555.6315072250653,11.286781568092035,234.00711607933044,3,1,9
caltech,767,0,EfficientBFS,density_gap,False,ub2,d,13.0,0.95,CalTechMaximization,602.1721671060465,12.662911520545455,116.8017795085907,1,1,10
caltech,767,0,EfficientBFS,look_ahead,False,ub2,d,13.0,0.95,CalTechMaximization,602.1721671060465,12.662911520545455,120.20525002479553,1,1,10
caltech,767,0,EfficientBFS,traditional,False,ub2,d,13.0,0.95,CalTechMaximization,602.1721671060465,12.662911520545455,118.40974450111389,1,1,10
caltech,767,0,EfficientBFS,density_gap,False,ub2,d,14.0,0.95,CalTechMaximization,636.0792034147455,13.694675303914627,124.8117196559906,1,1,11
caltech,767,0,EfficientBFS,look_ahead,False,ub2,d,14.0,0.95,CalTechMaximization,636.0792034147455,13.694675303914627,121.51609563827515,1,1,11
caltech,767,0,EfficientBFS,traditional,False,ub2,d,14.0,0.95,CalTechMaximization,636.0792034147455,13.694675303914627,125.38193893432617,1,1,11
caltech,767,0,EfficientBFS,density_gap,False,ub2,d,15.0,0.95,CalTechMaximization,663.9447688380989,14.873820586076443,120.83971095085144,1,1,12
caltech,767,0,EfficientBFS,look_ahead,False,ub2,d,15.0,0.95,CalTechMaximization,663.9447688380989,14.873820586076443,123.29459285736084,1,1,12
caltech,767,0,EfficientBFS,traditional,False,ub2,d,15.0,0.95,CalTechMaximization,663.9447688380989,14.873820586076443,122.08535504341125,1,1,12
caltech,767,0,EfficientBFS,density_gap,False,ub2,d,16.0,0.95,CalTechMaximization,697.0103454325564,15.614009135891687,129.9748797416687,1,1,12
caltech,767,0,EfficientBFS,look_ahead,False,ub2,d,16.0,0.95,CalTechMaximization,697.0103454325564,15.614009135891687,125.33607721328735,1,1,12
caltech,767,0,EfficientBFS,traditional,False,ub2,d,16.0,0.95,CalTechMaximization,697.0103454325564,15.614009135891687,124.20891690254211,1,1,12
caltech,767,0,EfficientBFS,density_gap,False,ub2,d,17.0,0.95,CalTechMaximization,733.4348816126892,16.989486814418875,126.0719747543335,1,1,13
caltech,767,0,EfficientBFS,look_ahead,False,ub2,d,17.0,0.95,CalTechMaximization,733.4348816126892,16.989486814418875,124.31234622001648,1,1,13
caltech,767,0,EfficientBFS,traditional,False,ub2,d,17.0,0.95,CalTechMaximization,733.4348816126892,16.989486814418875,125.21262669563293,1,1,13
caltech,767,0,EfficientBFS,density_gap,False,ub2,d,18.0,0.95,CalTechMaximization,761.7155303743885,17.855151137101963,125.16689920425415,1,1,13
caltech,767,0,EfficientBFS,look_ahead,False,ub2,d,18.0,0.95,CalTechMaximization,761.7155303743885,17.855151137101963,127.9047212600708,1,1,13
caltech,767,0,EfficientBFS,traditional,False,ub2,d,18.0,0.95,CalTechMaximization,761.7155303743885,17.855151137101963,134.7019169330597,1,1,13
caltech,767,0,EfficientBFS,density_gap,False,ub2,d,19.0,0.95,CalTechMaximization,776.5989502239374,18.247464129982077,279.5575637817383,3,1,13
caltech,767,0,EfficientBFS,look_ahead,False,ub2,d,19.0,0.95,CalTechMaximization,776.5989502239374,18.247464129982077,280.9873888492584,3,1,13
caltech,767,0,EfficientBFS,traditional,False,ub2,d,19.0,0.95,CalTechMaximization,776.5989502239374,18.247464129982077,254.24963784217834,3,1,13
caltech,767,0,EfficientBFS,density_gap,False,ub2,d,20.0,0.95,CalTechMaximization,816.4992535857708,19.76173936301302,297.6320073604584,3,1,14
caltech,767,0,EfficientBFS,look_ahead,False,ub2,d,20.0,0.95,CalTechMaximization,816.4992535857708,19.76173936301302,282.25450253486633,3,1,14
caltech,767,0,EfficientBFS,traditional,False,ub2,d,20.0,0.95,CalTechMaximization,816.4992535857708,19.76173936301302,267.4706461429596,3,1,14
caltech,767,0,EfficientBFS,density_gap,False,ub2,d,21.0,0.95,CalTechMaximization,855.279061811557,20.91580089303026,292.61397647857666,3,1,14
caltech,767,0,EfficientBFS,look_ahead,False,ub2,d,21.0,0.95,CalTechMaximization,855.279061811557,20.91580089303026,298.7761127948761,3,1,14
caltech,767,0,EfficientBFS,traditional,False,ub2,d,21.0,0.95,CalTechMaximization,855.279061811557,20.91580089303026,262.44973731040955,3,1,14
caltech,767,0,EfficientBFS,density_gap,False,ub2,d,22.0,0.95,CalTechMaximization,872.9892529412713,21.948916151089243,290.1852786540985,3,1,15
caltech,767,0,EfficientBFS,look_ahead,False,ub2,d,22.0,0.95,CalTechMaximization,872.9892529412713,21.948916151089243,293.04512572288513,3,1,15
caltech,767,0,EfficientBFS,traditional,False,ub2,d,22.0,0.95,CalTechMaximization,872.9892529412713,21.948916151089243,264.7004699707031,3,1,15
caltech,767,0,EfficientBFS,density_gap,False,ub2,d,23.0,0.95,CalTechMaximization,907.9276602489413,22.771264746511722,307.70309233665466,3,1,15
caltech,767,0,EfficientBFS,look_ahead,False,ub2,d,23.0,0.95,CalTechMaximization,907.9276602489413,22.771264746511722,305.1136848926544,3,1,15
caltech,767,0,EfficientBFS,traditional,False,ub2,d,23.0,0.95,CalTechMaximization,907.9276602489413,22.771264746511722,266.30558919906616,3,1,15
caltech,767,0,EfficientBFS,density_gap,False,ub2,d,24.0,0.95,CalTechMaximization,934.1126603124911,23.950410028673534,312.47761154174805,3,1,16
caltech,767,0,EfficientBFS,look_ahead,False,ub2,d,24.0,0.95,CalTechMaximization,934.1126603124911,23.950410028673534,310.9312331676483,3,1,16
caltech,767,0,EfficientBFS,traditional,False,ub2,d,24.0,0.95,CalTechMaximization,934.1126603124911,23.950410028673534,285.5640699863434,3,1,16
caltech,767,0,EfficientBFS,density_gap,False,ub2,d,25.0,0.95,CalTechMaximization,947.0409730076094,24.285539979542666,492.19686126708984,5,1,16
caltech,767,0,EfficientBFS,look_ahead,False,ub2,d,25.0,0.95,CalTechMaximization,947.0409730076094,24.285539979542666,596.8089220523834,5,1,16
caltech,767,0,EfficientBFS,traditional,False,ub2,d,25.0,0.95,CalTechMaximization,947.0409730076094,24.285539979542666,436.3877282142639,5,1,16
caltech,767,0,EfficientBFS,density_gap,False,ub2,d,26.0,0.95,CalTechMaximization,971.2615718192825,25.012406747721993,491.59356117248535,5,1,16
caltech,767,0,EfficientBFS,look_ahead,False,ub2,d,26.0,0.95,CalTechMaximization,971.2615718192825,25.012406747721993,623.6546444892883,5,1,16
caltech,767,0,EfficientBFS,traditional,False,ub2,d,26.0,0.95,CalTechMaximization,971.2615718192825,25.012406747721993,414.90964913368225,5,1,16
caltech,767,0,EfficientBFS,density_gap,False,ub2,d,27.0,0.95,CalTechMaximization,1010.1256800947259,26.526681980752944,322.9495005607605,3,1,17
caltech,767,0,EfficientBFS,look_ahead,False,ub2,d,27.0,0.95,CalTechMaximization,1010.1256800947259,26.526681980752944,305.58912777900696,3,1,17
caltech,767,0,EfficientBFS,traditional,False,ub2,d,27.0,0.95,CalTechMaximization,1010.1256800947259,26.526681980752944,278.40682435035706,3,1,17
caltech,767,0,EfficientBFS,density_gap,False,ub2,d,28.0,0.95,CalTechMaximization,1044.1750474078303,27.660726735572847,312.2915070056915,3,1,17
caltech,767,0,EfficientBFS,look_ahead,False,ub2,d,28.0,0.95,CalTechMaximization,1044.1750474078303,27.660726735572847,324.43631529808044,3,1,17
caltech,767,0,EfficientBFS,traditional,False,ub2,d,28.0,0.95,CalTechMaximization,1044.1750474078303,27.660726735572847,286.8353543281555,3,1,17
caltech,767,0,EfficientBFS,density_gap,False,ub2,d,29.0,0.95,CalTechMaximization,1075.1852102523417,28.98278437349924,324.4420976638794,3,1,18
caltech,767,0,EfficientBFS,look_ahead,False,ub2,d,29.0,0.95,CalTechMaximization,1075.1852102523417,28.98278437349924,314.6437282562256,3,1,18
caltech,767,0,EfficientBFS,traditional,False,ub2,d,29.0,0.95,CalTechMaximization,1075.1852102523417,28.98278437349924,292.1256718635559,3,1,18
caltech,767,0,EfficientBFS,density_gap,False,ub2,d,30.0,0.95,CalTechMaximization,1101.6216611399072,29.905527435192806,323.73531579971313,3,1,18
caltech,767,0,EfficientBFS,look_ahead,False,ub2,d,30.0,0.95,CalTechMaximization,1101.6216611399072,29.905527435192806,335.47765588760376,3,1,18
caltech,767,0,EfficientBFS,traditional,False,ub2,d,30.0,0.95,CalTechMaximization,1101.6216611399072,29.905527435192806,290.3064293861389,3,1,18
facebook,1000,0,EfficientBFS,density_gap,False,ub2,d,6.0,0.95,FacebookGraphCoverage,307.0,5.999296292853672,0.28261351585388184,1,1,4
facebook,1000,0,EfficientBFS,look_ahead,False,ub2,d,6.0,0.95,FacebookGraphCoverage,307.0,5.999296292853672,0.2825772762298584,1,1,4
facebook,1000,0,EfficientBFS,traditional,False,ub2,d,6.0,0.95,FacebookGraphCoverage,307.0,5.999296292853672,0.2507762908935547,1,1,4
facebook,1000,0,EfficientBFS,density_gap,False,ub2,d,7.0,0.95,FacebookGraphCoverage,335.0,6.039049562720425,0.38538503646850586,1,1,4
facebook,1000,0,EfficientBFS,look_ahead,False,ub2,d,7.0,0.95,FacebookGraphCoverage,335.0,6.039049562720425,0.5058693885803223,1,1,4
facebook,1000,0,EfficientBFS,traditional,False,ub2,d,7.0,0.95,FacebookGraphCoverage,335.0,6.039049562720425,0.4238884449005127,1,1,4
facebook,1000,0,EfficientBFS,density_gap,False,ub2,d,8.0,0.95,FacebookGraphCoverage,366.0,7.316542747250367,0.606311559677124,1,1,5
facebook,1000,0,EfficientBFS,look_ahead,False,ub2,d,8.0,0.95,FacebookGraphCoverage,366.0,7.316542747250367,0.6173343658447266,1,1,5
facebook,1000,0,EfficientBFS,traditional,False,ub2,d,8.0,0.95,FacebookGraphCoverage,366.0,7.316542747250367,0.5718867778778076,1,1,5
facebook,1000,0,EfficientBFS,density_gap,False,ub2,d,9.0,0.95,FacebookGraphCoverage,390.0,8.345062977913397,0.8535351753234863,1,1,6
facebook,1000,0,EfficientBFS,look_ahead,False,ub2,d,9.0,0.95,FacebookGraphCoverage,390.0,8.345062977913397,0.9257798194885254,1,1,6
facebook,1000,0,EfficientBFS,traditional,False,ub2,d,9.0,0.95,FacebookGraphCoverage,390.0,8.345062977913397,0.8097436428070068,1,1,6
facebook,1000,0,EfficientBFS,density_gap,False,ub2,d,10.0,0.95,FacebookGraphCoverage,411.0,9.469966252407136,0.9279518127441406,1,1,7
facebook,1000,0,EfficientBFS,look_ahead,False,ub2,d,10.0,0.95,FacebookGraphCoverage,411.0,9.469966252407136,0.9734647274017334,1,1,7
facebook,1000,0,EfficientBFS,traditional,False,ub2,d,10.0,0.95,FacebookGraphCoverage,411.0,9.469966252407136,1.0360703468322754,1,1,7
facebook,1000,0,EfficientBFS,density_gap,False,ub2,d,11.0,0.95,FacebookGraphCoverage,429.0,10.57309232610993,1.4818506240844727,1,1,8
facebook,1000,0,EfficientBFS,look_ahead,False,ub2,d,11.0,0.95,FacebookGraphCoverage,429.0,10.57309232610993,1.68967604637146,1,1,8
facebook,1000,0,EfficientBFS,traditional,False,ub2,d,11.0,0.95,FacebookGraphCoverage,429.0,10.57309232610993,1.763080358505249,1,1,8
facebook,1000,0,EfficientBFS,density_gap,False,ub2,d,12.0,0.95,FacebookGraphCoverage,441.0,11.596802599317733,1.9046297073364258,1,1,9
facebook,1000,0,EfficientBFS,look_ahead,False,ub2,d,12.0,0.95,FacebookGraphCoverage,441.0,11.596802599317733,1.7861425876617432,1,1,9
facebook,1000,0,EfficientBFS,traditional,False,ub2,d,12.0,0.95,FacebookGraphCoverage,441.0,11.596802599317733,2.139639139175415,1,1,9
facebook,1000,0,EfficientBFS,density_gap,False,ub2,d,13.0,0.95,FacebookGraphCoverage,448.0,12.12286943466912,15.310678958892822,7,1,9
facebook,1000,0,EfficientBFS,look_ahead,False,ub2,d,13.0,0.95,FacebookGraphCoverage,448.0,12.12286943466912,25.173641681671143,7,1,9
facebook,1000,0,EfficientBFS,traditional,False,ub2,d,13.0,0.95,FacebookGraphCoverage,448.0,12.12286943466912,14.641639709472656,7,1,9
facebook,1000,0,EfficientBFS,density_gap,False,ub2,d,14.0,0.95,FacebookGraphCoverage,462.0,13.351527620372957,15.008444547653198,7,1,10
facebook,1000,0,EfficientBFS,look_ahead,False,ub2,d,14.0,0.95,FacebookGraphCoverage,462.0,13.351527620372957,23.749835729599,7,1,10
facebook,1000,0,EfficientBFS,traditional,False,ub2,d,14.0,0.95,FacebookGraphCoverage,462.0,13.351527620372957,12.539981365203857,7,1,10
facebook,1000,0,EfficientBFS,density_gap,False,ub2,d,15.0,0.95,FacebookGraphCoverage,478.0,14.714463277969013,52.61865472793579,21,1,10
facebook,1000,0,EfficientBFS,look_ahead,False,ub2,d,15.0,0.95,FacebookGraphCoverage,478.0,14.714463277969013,76.50540924072266,21,1,10
facebook,1000,0,EfficientBFS,traditional,False,ub2,d,15.0,0.95,FacebookGraphCoverage,478.0,14.714463277969013,39.72225475311279,21,1,10
facebook,1000,0,EfficientBFS,density_gap,False,ub2,d,16.0,0.95,FacebookGraphCoverage,489.0,15.738173551176818,54.004674434661865,21,1,11
facebook,1000,0,EfficientBFS,look_ahead,False,ub2,d,16.0,0.95,FacebookGraphCoverage,489.0,15.738173551176818,78.11147689819336,21,1,11
facebook,1000,0,EfficientBFS,traditional,False,ub2,d,16.0,0.95,FacebookGraphCoverage,489.0,15.738173551176818,41.66091990470886,21,1,11
facebook,1000,0,EfficientBFS,density_gap,False,ub2,d,17.0,0.95,FacebookGraphCoverage,495.0,16.267666269729773,63.44471979141235,23,1,11
facebook,1000,0,EfficientBFS,look_ahead,False,ub2,d,17.0,0.95,FacebookGraphCoverage,495.0,16.267666269729773,87.74578595161438,23,1,11
facebook,1000,0,EfficientBFS,traditional,False,ub2,d,17.0,0.95,FacebookGraphCoverage,495.0,16.267666269729773,50.36544990539551,23,1,11
facebook,1000,0,EfficientBFS,density_gap,False,ub2,d,18.0,0.95,FacebookGraphCoverage,506.0,17.291376542937577,75.31422781944275,27,1,12
facebook,1000,0,EfficientBFS,look_ahead,False,ub2,d,18.0,0.95,FacebookGraphCoverage,506.0,17.291376542937577,111.4960994720459,27,1,12
facebook,1000,0,EfficientBFS,traditional,False,ub2,d,18.0,0.95,FacebookGraphCoverage,506.0,17.291376542937577,60.81766200065613,27,1,12
facebook,1000,0,EfficientBFS,density_gap,False,ub2,d,19.0,0.95,FacebookGraphCoverage,517.0,18.35051222762937,99.68217206001282,33,1,13
facebook,1000,0,EfficientBFS,look_ahead,False,ub2,d,19.0,0.95,FacebookGraphCoverage,517.0,18.35051222762937,147.22490310668945,33,1,13
facebook,1000,0,EfficientBFS,traditional,False,ub2,d,19.0,0.95,FacebookGraphCoverage,517.0,18.35051222762937,79.13516664505005,33,1,13
facebook,1000,0,EfficientBFS,density_gap,False,ub2,d,20.0,0.95,FacebookGraphCoverage,527.0,19.38904518236049,110.48243403434753,36,1,14
facebook,1000,0,EfficientBFS,look_ahead,False,ub2,d,20.0,0.95,FacebookGraphCoverage,527.0,19.38904518236049,160.2489652633667,36,1,14
facebook,1000,0,EfficientBFS,traditional,False,ub2,d,20.0,0.95,FacebookGraphCoverage,527.0,19.38904518236049,92.44204330444336,36,1,14
facebook,1000,0,EfficientBFS,density_gap,False,ub2,d,21.0,0.95,FacebookGraphCoverage,537.0,20.617703368064326,186.47937941551208,56,1,15
facebook,1000,0,EfficientBFS,look_ahead,False,ub2,d,21.0,0.95,FacebookGraphCoverage,537.0,20.617703368064326,276.4063436985016,56,1,15
facebook,1000,0,EfficientBFS,traditional,False,ub2,d,21.0,0.95,FacebookGraphCoverage,537.0,20.617703368064326,149.83959579467773,56,1,15
facebook,1000,0,EfficientBFS,density_gap,False,ub2,d,22.0,0.95,FacebookGraphCoverage,547.0,21.94363150673523,181.97673869132996,56,1,16
facebook,1000,0,EfficientBFS,look_ahead,False,ub2,d,22.0,0.95,FacebookGraphCoverage,547.0,21.94363150673523,274.2937898635864,56,1,16
facebook,1000,0,EfficientBFS,traditional,False,ub2,d,22.0,0.95,FacebookGraphCoverage,547.0,21.94363150673523,140.81180691719055,56,1,16
facebook,1000,0,EfficientBFS,density_gap,False,ub2,d,23.0,0.95,FacebookGraphCoverage,554.0,22.77694214327672,325.1231498718262,96,1,16
facebook,1000,0,EfficientBFS,look_ahead,False,ub2,d,23.0,0.95,FacebookGraphCoverage,554.0,22.77694214327672,526.6459271907806,96,1,16
facebook,1000,0,EfficientBFS,traditional,False,ub2,d,23.0,0.95,FacebookGraphCoverage,554.0,22.77694214327672,258.7009539604187,96,1,16
facebook,1000,0,EfficientBFS,density_gap,False,ub2,d,24.0,0.95,FacebookGraphCoverage,561.0,23.814213104937117,324.85428762435913,94,1,17
facebook,1000,0,EfficientBFS,look_ahead,False,ub2,d,24.0,0.95,FacebookGraphCoverage,561.0,23.814213104937117,496.3497905731201,94,1,17
facebook,1000,0,EfficientBFS,traditional,False,ub2,d,24.0,0.95,FacebookGraphCoverage,561.0,23.814213104937117,267.57156348228455,94,1,17
facebook,1000,0,EfficientBFS,density_gap,False,ub2,d,25.0,0.95,FacebookGraphCoverage,564.0,24.102870281947624,901.7720561027527,246,1,17
facebook,1000,0,EfficientBFS,look_ahead,False,ub2,d,25.0,0.95,FacebookGraphCoverage,564.0,24.102870281947624,1404.0506384372711,246,1,17
facebook,1000,0,EfficientBFS,traditional,False,ub2,d,25.0,0.95,FacebookGraphCoverage,564.0,24.102870281947624,720.5413484573364,246,1,17
facebook,1000,0,EfficientBFS,density_gap,False,ub2,d,26.0,0.95,FacebookGraphCoverage,576.0,25.7387711858914,921.8079943656921,240,1,18
facebook,1000,0,EfficientBFS,look_ahead,False,ub2,d,26.0,0.95,FacebookGraphCoverage,576.0,25.7387711858914,1379.217759847641,240,1,18
facebook,1000,0,EfficientBFS,traditional,False,ub2,d,26.0,0.95,FacebookGraphCoverage,576.0,25.7387711858914,716.5109498500824,240,1,18
facebook,1000,0,EfficientBFS,density_gap,False,ub2,d,27.0,0.95,FacebookGraphCoverage,585.0,26.997919918260145,1086.6123278141022,266,1,19
facebook,1000,0,EfficientBFS,look_ahead,False,ub2,d,27.0,0.95,FacebookGraphCoverage,585.0,26.997919918260145,1608.4894902706146,266,1,19
facebook,1000,0,EfficientBFS,traditional,False,ub2,d,27.0,0.95,FacebookGraphCoverage,585.0,26.997919918260145,857.4595229625702,266,1,19
facebook,1000,0,EfficientBFS,density_gap,False,ub2,d,28.0,0.95,FacebookGraphCoverage,585.0,27.999399288729407,1150.3526532649994,278,1,20
facebook,1000,0,EfficientBFS,look_ahead,False,ub2,d,28.0,0.95,FacebookGraphCoverage,585.0,27.999399288729407,1674.6508920192719,278,1,20
facebook,1000,0,EfficientBFS,traditional,False,ub2,d,28.0,0.95,FacebookGraphCoverage,585.0,27.999399288729407,921.5470130443573,278,1,20
facebook,1000,0,EfficientBFS,density_gap,False,ub2,d,29.0,0.95,FacebookGraphCoverage,592.0,28.035190879920542,1767.3523399829865,420,1,20
facebook,1000,0,EfficientBFS,look_ahead,False,ub2,d,29.0,0.95,FacebookGraphCoverage,592.0,28.035190879920542,2599.2228264808655,420,1,20
facebook,1000,0,EfficientBFS,traditional,False,ub2,d,29.0,0.95,FacebookGraphCoverage,592.0,28.035190879920542,1391.1344447135925,420,1,20
facebook,1000,0,EfficientBFS,density_gap,False,ub2,d,30.0,0.95,FacebookGraphCoverage,602.0,29.386194906907036,2119.889970064163,514,1,20
facebook,1000,0,EfficientBFS,look_ahead,False,ub2,d,30.0,0.95,FacebookGraphCoverage,602.0,29.386194906907036,3065.9615960121155,514,1,20
facebook,1000,0,EfficientBFS,traditional,False,ub2,d,30.0,0.95,FacebookGraphCoverage,602.0,29.386194906907036,1777.1556375026703,514,1,20
youtube,1000,0,EfficientBFS,density_gap,False,ub2,d,6.0,0.95,YoutubeCoverage,18.0,5.845890557369895,16.390116691589355,30,1,5
youtube,1000,0,EfficientBFS,look_ahead,False,ub2,d,6.0,0.95,YoutubeCoverage,18.0,5.845890557369895,0.590634822845459,2,1,5
youtube,1000,0,EfficientBFS,traditional,False,ub2,d,6.0,0.95,YoutubeCoverage,18.0,5.845890557369895,10.209911823272705,30,1,5
youtube,1000,0,EfficientBFS,density_gap,False,ub2,d,7.0,0.95,YoutubeCoverage,23.0,6.044828632797984,2.2100558280944824,3,1,2
youtube,1000,0,EfficientBFS,look_ahead,False,ub2,d,7.0,0.95,YoutubeCoverage,23.0,6.044828632797984,2.396136999130249,3,1,2
youtube,1000,0,EfficientBFS,traditional,False,ub2,d,7.0,0.95,YoutubeCoverage,23.0,6.044828632797984,1.1304867267608643,3,1,2
youtube,1000,0,EfficientBFS,density_gap,False,ub2,d,8.0,0.95,YoutubeCoverage,26.0,7.112734725094761,0.053957462310791016,1,1,3
youtube,1000,0,EfficientBFS,look_ahead,False,ub2,d,8.0,0.95,YoutubeCoverage,26.0,7.112734725094761,0.07132267951965332,1,1,3
youtube,1000,0,EfficientBFS,traditional,False,ub2,d,8.0,0.95,YoutubeCoverage,26.0,7.112734725094761,0.04687070846557617,1,1,3
youtube,1000,0,EfficientBFS,density_gap,False,ub2,d,9.0,0.95,YoutubeCoverage,28.0,8.11421409556402,0.07242321968078613,1,1,4
youtube,1000,0,EfficientBFS,look_ahead,False,ub2,d,9.0,0.95,YoutubeCoverage,28.0,8.11421409556402,0.08141303062438965,1,1,4
youtube,1000,0,EfficientBFS,traditional,False,ub2,d,9.0,0.95,YoutubeCoverage,28.0,8.11421409556402,0.08063197135925293,1,1,4
youtube,1000,0,EfficientBFS,density_gap,False,ub2,d,10.0,0.95,YoutubeCoverage,30.0,9.146583780220634,0.0633094310760498,1,1,5
youtube,1000,0,EfficientBFS,look_ahead,False,ub2,d,10.0,0.95,YoutubeCoverage,30.0,9.146583780220634,0.08078289031982422,1,1,5
youtube,1000,0,EfficientBFS,traditional,False,ub2,d,10.0,0.95,YoutubeCoverage,30.0,9.146583780220634,0.12556767463684082,1,1,5
youtube,1000,0,EfficientBFS,density_gap,False,ub2,d,11.0,0.95,YoutubeCoverage,32.0,10.676746640047597,0.1733098030090332,1,1,6
youtube,1000,0,EfficientBFS,look_ahead,False,ub2,d,11.0,0.95,YoutubeCoverage,32.0,10.676746640047597,0.11003684997558594,1,1,6
youtube,1000,0,EfficientBFS,traditional,False,ub2,d,11.0,0.95,YoutubeCoverage,32.0,10.676746640047597,0.10038018226623535,1,1,6
youtube,1000,0,EfficientBFS,density_gap,False,ub2,d,12.0,0.95,YoutubeCoverage,33.0,11.67857289904319,0.12572050094604492,1,1,7
youtube,1000,0,EfficientBFS,look_ahead,False,ub2,d,12.0,0.95,YoutubeCoverage,33.0,11.67857289904319,0.11002302169799805,1,1,7
youtube,1000,0,EfficientBFS,traditional,False,ub2,d,12.0,0.95,YoutubeCoverage,33.0,11.67857289904319,0.11034417152404785,1,1,7
youtube,1000,0,EfficientBFS,density_gap,False,ub2,d,13.0,0.95,YoutubeCoverage,34.0,12.219069745533055,0.1417992115020752,1,1,7
youtube,1000,0,EfficientBFS,look_ahead,False,ub2,d,13.0,0.95,YoutubeCoverage,34.0,12.219069745533055,0.12595057487487793,1,1,7
youtube,1000,0,EfficientBFS,traditional,False,ub2,d,13.0,0.95,YoutubeCoverage,34.0,12.219069745533055,0.12559771537780762,1,1,7
youtube,1000,0,EfficientBFS,density_gap,False,ub2,d,14.0,0.95,YoutubeCoverage,35.0,13.220896004528647,0.25124597549438477,1,1,8
youtube,1000,0,EfficientBFS,look_ahead,False,ub2,d,14.0,0.95,YoutubeCoverage,35.0,13.220896004528647,0.251711368560791,1,1,8
youtube,1000,0,EfficientBFS,traditional,False,ub2,d,14.0,0.95,YoutubeCoverage,35.0,13.220896004528647,0.12556791305541992,1,1,8
youtube,1000,0,EfficientBFS,density_gap,False,ub2,d,15.0,0.95,YoutubeCoverage,36.0,14.22295358796627,0.15717220306396484,1,1,9
youtube,1000,0,EfficientBFS,look_ahead,False,ub2,d,15.0,0.95,YoutubeCoverage,36.0,14.22295358796627,0.20453238487243652,1,1,9
youtube,1000,0,EfficientBFS,traditional,False,ub2,d,15.0,0.95,YoutubeCoverage,36.0,14.22295358796627,0.17359375953674316,1,1,9
youtube,1000,0,EfficientBFS,density_gap,False,ub2,d,16.0,0.95,YoutubeCoverage,37.0,15.225859623648423,0.2353665828704834,1,1,10
youtube,1000,0,EfficientBFS,look_ahead,False,ub2,d,16.0,0.95,YoutubeCoverage,37.0,15.225859623648423,0.1886889934539795,1,1,10
youtube,1000,0,EfficientBFS,traditional,False,ub2,d,16.0,0.95,YoutubeCoverage,37.0,15.225859623648423,0.23542308807373047,1,1,10
youtube,1000,0,EfficientBFS,density_gap,False,ub2,d,17.0,0.95,YoutubeCoverage,38.0,16.232424660776612,0.24047303199768066,1,1,11
youtube,1000,0,EfficientBFS,look_ahead,False,ub2,d,17.0,0.95,YoutubeCoverage,38.0,16.232424660776612,0.2831697463989258,1,1,11
youtube,1000,0,EfficientBFS,traditional,False,ub2,d,17.0,0.95,YoutubeCoverage,38.0,16.232424660776612,0.2516913414001465,1,1,11
youtube,1000,0,EfficientBFS,density_gap,False,ub2,d,18.0,0.95,YoutubeCoverage,39.0,17.242266633752404,0.2669494152069092,1,1,12
youtube,1000,0,EfficientBFS,look_ahead,False,ub2,d,18.0,0.95,YoutubeCoverage,39.0,17.242266633752404,0.28285765647888184,1,1,12
youtube,1000,0,EfficientBFS,traditional,False,ub2,d,18.0,0.95,YoutubeCoverage,39.0,17.242266633752404,0.2505478858947754,1,1,12
youtube,1000,0,EfficientBFS,density_gap,False,ub2,d,19.0,0.95,YoutubeCoverage,40.0,18.257053832003354,0.34548473358154297,1,1,13
youtube,1000,0,EfficientBFS,look_ahead,False,ub2,d,19.0,0.95,YoutubeCoverage,40.0,18.257053832003354,0.3139069080352783,1,1,13
youtube,1000,0,EfficientBFS,traditional,False,ub2,d,19.0,0.95,YoutubeCoverage,40.0,18.257053832003354,0.3298370838165283,1,1,13
youtube,1000,0,EfficientBFS,density_gap,False,ub2,d,20.0,0.95,YoutubeCoverage,41.0,19.28076410521116,0.2986886501312256,1,1,14
youtube,1000,0,EfficientBFS,look_ahead,False,ub2,d,20.0,0.95,YoutubeCoverage,41.0,19.28076410521116,0.37883472442626953,1,1,14
youtube,1000,0,EfficientBFS,traditional,False,ub2,d,20.0,0.95,YoutubeCoverage,41.0,19.28076410521116,0.4128696918487549,1,1,14
youtube,1000,0,EfficientBFS,density_gap,False,ub2,d,21.0,0.95,YoutubeCoverage,42.0,20.313647827946603,0.3454599380493164,1,1,15
youtube,1000,0,EfficientBFS,look_ahead,False,ub2,d,21.0,0.95,YoutubeCoverage,42.0,20.313647827946603,0.4398002624511719,1,1,15
youtube,1000,0,EfficientBFS,traditional,False,ub2,d,21.0,0.95,YoutubeCoverage,42.0,20.313647827946603,0.36084675788879395,1,1,15
youtube,1000,0,EfficientBFS,density_gap,False,ub2,d,22.0,0.95,YoutubeCoverage,43.0,21.349536097360026,0.4010162353515625,1,1,16
youtube,1000,0,EfficientBFS,look_ahead,False,ub2,d,22.0,0.95,YoutubeCoverage,43.0,21.349536097360026,0.43938255310058594,1,1,16
youtube,1000,0,EfficientBFS,traditional,False,ub2,d,22.0,0.95,YoutubeCoverage,43.0,21.349536097360026,0.4396545886993408,1,1,16
youtube,1000,0,EfficientBFS,density_gap,False,ub2,d,23.0,0.95,YoutubeCoverage,44.0,22.38680705902042,0.5772445201873779,1,1,17
youtube,1000,0,EfficientBFS,look_ahead,False,ub2,d,23.0,0.95,YoutubeCoverage,44.0,22.38680705902042,0.4879894256591797,1,1,17
youtube,1000,0,EfficientBFS,traditional,False,ub2,d,23.0,0.95,YoutubeCoverage,44.0,22.38680705902042,0.42417478561401367,1,1,17
youtube,1000,0,EfficientBFS,density_gap,False,ub2,d,24.0,0.95,YoutubeCoverage,45.0,23.425340013751537,0.5034048557281494,1,1,18
youtube,1000,0,EfficientBFS,look_ahead,False,ub2,d,24.0,0.95,YoutubeCoverage,45.0,23.425340013751537,0.5024709701538086,1,1,18
youtube,1000,0,EfficientBFS,traditional,False,ub2,d,24.0,0.95,YoutubeCoverage,45.0,23.425340013751537,0.6127338409423828,1,1,18
youtube,1000,0,EfficientBFS,density_gap,False,ub2,d,25.0,0.95,YoutubeCoverage,46.0,24.47510495168211,0.5501952171325684,1,1,19
youtube,1000,0,EfficientBFS,look_ahead,False,ub2,d,25.0,0.95,YoutubeCoverage,46.0,24.47510495168211,0.5823588371276855,1,1,19
youtube,1000,0,EfficientBFS,traditional,False,ub2,d,25.0,0.95,YoutubeCoverage,46.0,24.47510495168211,0.634552001953125,1,1,19
youtube,1000,0,EfficientBFS,density_gap,False,ub2,d,26.0,0.95,YoutubeCoverage,47.0,25.529645419799813,0.7393002510070801,1,1,20
youtube,1000,0,EfficientBFS,look_ahead,False,ub2,d,26.0,0.95,YoutubeCoverage,47.0,25.529645419799813,0.54925537109375,1,1,20
youtube,1000,0,EfficientBFS,traditional,False,ub2,d,26.0,0.95,YoutubeCoverage,47.0,25.529645419799813,0.6435563564300537,1,1,20
youtube,1000,0,EfficientBFS,density_gap,False,ub2,d,27.0,0.95,YoutubeCoverage,48.0,26.585460435873497,0.833064079284668,1,1,21
youtube,1000,0,EfficientBFS,look_ahead,False,ub2,d,27.0,0.95,YoutubeCoverage,48.0,26.585460435873497,0.8005731105804443,1,1,21
youtube,1000,0,EfficientBFS,traditional,False,ub2,d,27.0,0.95,YoutubeCoverage,48.0,26.585460435873497,0.7073326110839844,1,1,21
youtube,1000,0,EfficientBFS,density_gap,False,ub2,d,28.0,0.95,YoutubeCoverage,49.0,27.64194100131429,0.6452319622039795,1,1,22
youtube,1000,0,EfficientBFS,look_ahead,False,ub2,d,28.0,0.95,YoutubeCoverage,49.0,27.64194100131429,0.9268381595611572,1,1,22
youtube,1000,0,EfficientBFS,traditional,False,ub2,d,28.0,0.95,YoutubeCoverage,49.0,27.64194100131429,0.753981351852417,1,1,22
youtube,1000,0,EfficientBFS,density_gap,False,ub2,d,29.0,0.95,YoutubeCoverage,50.0,28.701076686006083,0.9271481037139893,1,1,23
youtube,1000,0,EfficientBFS,look_ahead,False,ub2,d,29.0,0.95,YoutubeCoverage,50.0,28.701076686006083,0.8149888515472412,1,1,23
youtube,1000,0,EfficientBFS,traditional,False,ub2,d,29.0,0.95,YoutubeCoverage,50.0,28.701076686006083,0.9436569213867188,1,1,23
youtube,1000,0,EfficientBFS,density_gap,False,ub2,d,30.0,0.95,YoutubeCoverage,51.0,29.77764256949114,1.0512278079986572,1,1,24
youtube,1000,0,EfficientBFS,look_ahead,False,ub2,d,30.0,0.95,YoutubeCoverage,51.0,29.77764256949114,0.801769495010376,1,1,24
youtube,1000,0,EfficientBFS,traditional,False,ub2,d,30.0,0.95,YoutubeCoverage,51.0,29.77764256949114,0.8175179958343506,1,1,24
