Source_File,Archive,Task,Ground_Size,Seed,Algorithm,Strategy,UB,D,Budget,Alpha,Model,Objective_f(S),Cost_c(S),Time_s,Node_Count,Open_List_Count,TLE,Solution_Set_Size,algo_label,series
..\result\archive-108\adult\111\0\EfficientBFS-traditional-ub0-d-6.0-0.95-AdultIncomeFeatureSelection.pckl,108,adult,111,0,EfficientBFS,traditional,ub0,d,6.0,0.95,AdultIncomeFeatureSelection,7.206554549128117,5.836918288895902,7.968271493911743,4,1.0,False,5,EfficientBFS,EfficientBFS (ub0)
..\result\archive-108\adult\111\0\EfficientBFS-traditional-ub0-d-7.0-0.95-AdultIncomeFeatureSelection.pckl,108,adult,111,0,EfficientBFS,traditional,ub0,d,7.0,0.95,AdultIncomeFeatureSelection,7.3315920622964725,6.5967261949971885,23.219542503356934,17,1.0,False,5,EfficientBFS,EfficientBFS (ub0)
..\result\archive-108\adult\111\0\EfficientBFS-traditional-ub0-d-8.0-0.95-AdultIncomeFeatureSelection.pckl,108,adult,111,0,EfficientBFS,traditional,ub0,d,8.0,0.95,AdultIncomeFeatureSelection,8.120308338114878,7.606156453874604,16.39333152770996,11,1.0,False,6,EfficientBFS,EfficientBFS (ub0)
..\result\archive-108\adult\111\0\EfficientBFS-traditional-ub0-d-9.0-0.95-AdultIncomeFeatureSelection.pckl,108,adult,111,0,EfficientBFS,traditional,ub0,d,9.0,0.95,AdultIncomeFeatureSelection,8.270787166482998,8.93153812094754,46.11857867240906,33,1.0,False,7,EfficientBFS,EfficientBFS (ub0)
..\result\archive-108\adult\111\0\EfficientBFS-traditional-ub0-d-10.0-0.95-AdultIncomeFeatureSelection.pckl,108,adult,111,0,EfficientBFS,traditional,ub0,d,10.0,0.95,AdultIncomeFeatureSelection,8.655822627528229,9.30543439168037,78.89692950248718,50,1.0,False,7,EfficientBFS,EfficientBFS (ub0)
..\result\archive-108\adult\111\0\EfficientBFS-traditional-ub0-d-11.0-0.95-AdultIncomeFeatureSelection.pckl,108,adult,111,0,EfficientBFS,traditional,ub0,d,11.0,0.95,AdultIncomeFeatureSelection,8.83943887520972,10.568743844147996,163.42258858680725,106,1.0,False,7,EfficientBFS,EfficientBFS (ub0)
..\result\archive-108\adult\111\0\EfficientBFS-traditional-ub0-d-12.0-0.95-AdultIncomeFeatureSelection.pckl,108,adult,111,0,EfficientBFS,traditional,ub0,d,12.0,0.95,AdultIncomeFeatureSelection,8.97806831132171,11.263098232424204,438.2683193683624,257,1.0,False,8,EfficientBFS,EfficientBFS (ub0)
..\result\archive-108\adult\111\0\EfficientBFS-traditional-ub0-d-13.0-0.95-AdultIncomeFeatureSelection.pckl,108,adult,111,0,EfficientBFS,traditional,ub0,d,13.0,0.95,AdultIncomeFeatureSelection,9.07171093586419,12.4228122144929,763.2189116477966,450,1.0,False,8,EfficientBFS,EfficientBFS (ub0)
..\result\archive-108\adult\111\0\EfficientBFS-traditional-ub0-d-14.0-0.95-AdultIncomeFeatureSelection.pckl,108,adult,111,0,EfficientBFS,traditional,ub0,d,14.0,0.95,AdultIncomeFeatureSelection,9.15488859753139,13.361953606101252,472.3038854598999,285,1.0,False,9,EfficientBFS,EfficientBFS (ub0)
..\result\archive-108\adult\111\0\EfficientBFS-traditional-ub0-d-15.0-0.95-AdultIncomeFeatureSelection.pckl,108,adult,111,0,EfficientBFS,traditional,ub0,d,15.0,0.95,AdultIncomeFeatureSelection,9.210340371976184,14.2642442648075,30.71906566619873,14,1.0,False,9,EfficientBFS,EfficientBFS (ub0)
..\result\archive-108\adult\111\0\EfficientBFS-traditional-ub0-d-6.0-0.98-AdultIncomeFeatureSelection.pckl,108,adult,111,0,EfficientBFS,traditional,ub0,d,6.0,0.98,AdultIncomeFeatureSelection,7.206554549128117,5.836918288895902,8.781305313110352,7,1.0,False,5,EfficientBFS,EfficientBFS (ub0)
..\result\archive-108\adult\111\0\EfficientBFS-traditional-ub0-d-7.0-0.98-AdultIncomeFeatureSelection.pckl,108,adult,111,0,EfficientBFS,traditional,ub0,d,7.0,0.98,AdultIncomeFeatureSelection,7.3315920622964725,6.5967261949971885,40.044071674346924,33,1.0,False,5,EfficientBFS,EfficientBFS (ub0)
..\result\archive-108\adult\111\0\EfficientBFS-traditional-ub0-d-8.0-0.98-AdultIncomeFeatureSelection.pckl,108,adult,111,0,EfficientBFS,traditional,ub0,d,8.0,0.98,AdultIncomeFeatureSelection,8.120308338114878,7.606156453874604,28.905037879943848,19,1.0,False,6,EfficientBFS,EfficientBFS (ub0)
..\result\archive-108\adult\111\0\EfficientBFS-traditional-ub0-d-9.0-0.98-AdultIncomeFeatureSelection.pckl,108,adult,111,0,EfficientBFS,traditional,ub0,d,9.0,0.98,AdultIncomeFeatureSelection,8.270787166482998,8.93153812094754,117.68509340286255,74,1.0,False,7,EfficientBFS,EfficientBFS (ub0)
..\result\archive-108\adult\111\0\EfficientBFS-traditional-ub0-d-10.0-0.98-AdultIncomeFeatureSelection.pckl,108,adult,111,0,EfficientBFS,traditional,ub0,d,10.0,0.98,AdultIncomeFeatureSelection,8.728535326320129,9.56382029461844,177.86787295341492,100,1.0,False,7,EfficientBFS,EfficientBFS (ub0)
..\result\archive-108\adult\111\0\EfficientBFS-traditional-ub0-d-11.0-0.98-AdultIncomeFeatureSelection.pckl,108,adult,111,0,EfficientBFS,traditional,ub0,d,11.0,0.98,AdultIncomeFeatureSelection,8.83943887520972,10.568743844147996,383.3405976295471,251,1.0,False,7,EfficientBFS,EfficientBFS (ub0)
..\result\archive-108\adult\111\0\EfficientBFS-traditional-ub0-d-12.0-0.98-AdultIncomeFeatureSelection.pckl,108,adult,111,0,EfficientBFS,traditional,ub0,d,12.0,0.98,AdultIncomeFeatureSelection,9.016259161419393,11.677459555483882,1040.7369508743286,646,1.0,False,8,EfficientBFS,EfficientBFS (ub0)
..\result\archive-108\adult\111\0\EfficientBFS-traditional-ub0-d-13.0-0.98-AdultIncomeFeatureSelection.pckl,108,adult,111,0,EfficientBFS,traditional,ub0,d,13.0,0.98,AdultIncomeFeatureSelection,9.07171093586419,12.4228122144929,3684.348559141159,2039,1.0,False,8,EfficientBFS,EfficientBFS (ub0)
..\result\archive-108\adult\111\0\EfficientBFS-traditional-ub2-d-6.0-0.95-AdultIncomeFeatureSelection.pckl,108,adult,111,0,EfficientBFS,traditional,ub2,d,6.0,0.95,AdultIncomeFeatureSelection,7.206554549128117,5.836918288895902,46.15563178062439,4,1.0,False,5,EfficientBFS,EfficientBFS (ub2)
..\result\archive-108\adult\111\0\EfficientBFS-traditional-ub2-d-7.0-0.95-AdultIncomeFeatureSelection.pckl,108,adult,111,0,EfficientBFS,traditional,ub2,d,7.0,0.95,AdultIncomeFeatureSelection,7.3315920622964725,6.5967261949971885,89.14255952835083,17,1.0,False,5,EfficientBFS,EfficientBFS (ub2)
..\result\archive-108\adult\111\0\EfficientBFS-traditional-ub2-d-8.0-0.95-AdultIncomeFeatureSelection.pckl,108,adult,111,0,EfficientBFS,traditional,ub2,d,8.0,0.95,AdultIncomeFeatureSelection,8.120308338114878,7.606156453874604,94.63911175727844,10,1.0,False,6,EfficientBFS,EfficientBFS (ub2)
..\result\archive-108\adult\111\0\EfficientBFS-traditional-ub2-d-9.0-0.95-AdultIncomeFeatureSelection.pckl,108,adult,111,0,EfficientBFS,traditional,ub2,d,9.0,0.95,AdultIncomeFeatureSelection,8.270787166482998,8.93153812094754,211.68205976486206,28,1.0,False,7,EfficientBFS,EfficientBFS (ub2)
..\result\archive-108\adult\111\0\EfficientBFS-traditional-ub2-d-10.0-0.95-AdultIncomeFeatureSelection.pckl,108,adult,111,0,EfficientBFS,traditional,ub2,d,10.0,0.95,AdultIncomeFeatureSelection,8.655822627528229,9.30543439168037,24.05872106552124,1,1.0,,7,EfficientBFS,EfficientBFS (ub2)
..\result\archive-108\adult\111\0\EfficientBFS-traditional-ub2-d-11.0-0.95-AdultIncomeFeatureSelection.pckl,108,adult,111,0,EfficientBFS,traditional,ub2,d,11.0,0.95,AdultIncomeFeatureSelection,8.783987100764925,10.630816058753307,26.203433752059937,1,1.0,,8,EfficientBFS,EfficientBFS (ub2)
..\result\archive-108\adult\111\0\EfficientBFS-traditional-ub2-d-12.0-0.95-AdultIncomeFeatureSelection.pckl,108,adult,111,0,EfficientBFS,traditional,ub2,d,12.0,0.95,AdultIncomeFeatureSelection,8.97806831132171,11.263098232424204,25.429118633270264,1,1.0,,8,EfficientBFS,EfficientBFS (ub2)
..\result\archive-108\adult\111\0\EfficientBFS-traditional-ub2-d-13.0-0.95-AdultIncomeFeatureSelection.pckl,108,adult,111,0,EfficientBFS,traditional,ub2,d,13.0,0.95,AdultIncomeFeatureSelection,9.04398504864179,12.588479899497141,28.333982229232788,1,1.0,,9,EfficientBFS,EfficientBFS (ub2)
..\result\archive-108\adult\111\0\EfficientBFS-traditional-ub2-d-14.0-0.95-AdultIncomeFeatureSelection.pckl,108,adult,111,0,EfficientBFS,traditional,ub2,d,14.0,0.95,AdultIncomeFeatureSelection,9.15488859753139,13.361953606101252,28.318699598312378,1,1.0,,9,EfficientBFS,EfficientBFS (ub2)
..\result\archive-108\adult\111\0\EfficientBFS-traditional-ub2-d-15.0-0.95-AdultIncomeFeatureSelection.pckl,108,adult,111,0,EfficientBFS,traditional,ub2,d,15.0,0.95,AdultIncomeFeatureSelection,9.15488859753139,14.895635822911448,27.73571252822876,1,1.0,,10,EfficientBFS,EfficientBFS (ub2)
..\result\archive-108\adult\111\0\EfficientBFS-traditional-ub2-d-6.0-0.98-AdultIncomeFeatureSelection.pckl,108,adult,111,0,EfficientBFS,traditional,ub2,d,6.0,0.98,AdultIncomeFeatureSelection,7.206554549128117,5.836918288895902,38.66409921646118,7,1.0,False,5,EfficientBFS,EfficientBFS (ub2)
..\result\archive-108\adult\111\0\EfficientBFS-traditional-ub2-d-7.0-0.98-AdultIncomeFeatureSelection.pckl,108,adult,111,0,EfficientBFS,traditional,ub2,d,7.0,0.98,AdultIncomeFeatureSelection,7.3315920622964725,6.5967261949971885,102.28380799293518,33,1.0,False,5,EfficientBFS,EfficientBFS (ub2)
..\result\archive-108\adult\111\0\EfficientBFS-traditional-ub2-d-8.0-0.98-AdultIncomeFeatureSelection.pckl,108,adult,111,0,EfficientBFS,traditional,ub2,d,8.0,0.98,AdultIncomeFeatureSelection,8.120308338114878,7.606156453874604,115.29176759719849,19,1.0,False,6,EfficientBFS,EfficientBFS (ub2)
..\result\archive-108\adult\111\0\EfficientBFS-traditional-ub2-d-9.0-0.98-AdultIncomeFeatureSelection.pckl,108,adult,111,0,EfficientBFS,traditional,ub2,d,9.0,0.98,AdultIncomeFeatureSelection,8.270787166482998,8.93153812094754,329.62993240356445,70,1.0,False,7,EfficientBFS,EfficientBFS (ub2)
..\result\archive-108\adult\111\0\EfficientBFS-traditional-ub2-d-10.0-0.98-AdultIncomeFeatureSelection.pckl,108,adult,111,0,EfficientBFS,traditional,ub2,d,10.0,0.98,AdultIncomeFeatureSelection,8.728535326320129,9.56382029461844,618.279294013977,92,1.0,False,7,EfficientBFS,EfficientBFS (ub2)
..\result\archive-108\adult\111\0\EfficientBFS-traditional-ub2-d-11.0-0.98-AdultIncomeFeatureSelection.pckl,108,adult,111,0,EfficientBFS,traditional,ub2,d,11.0,0.98,AdultIncomeFeatureSelection,8.83943887520972,10.568743844147996,1688.6561064720154,244,1.0,False,7,EfficientBFS,EfficientBFS (ub2)
..\result\archive-108\adult\111\0\EfficientBFS-traditional-ub2-d-12.0-0.98-AdultIncomeFeatureSelection.pckl,108,adult,111,0,EfficientBFS,traditional,ub2,d,12.0,0.98,AdultIncomeFeatureSelection,8.97806831132171,11.263098232424204,22.58576774597168,1,1.0,,8,EfficientBFS,EfficientBFS (ub2)
..\result\archive-108\adult\111\0\EfficientBFS-traditional-ub2-d-13.0-0.98-AdultIncomeFeatureSelection.pckl,108,adult,111,0,EfficientBFS,traditional,ub2,d,13.0,0.98,AdultIncomeFeatureSelection,9.04398504864179,12.588479899497141,26.265940189361572,1,1.0,,9,EfficientBFS,EfficientBFS (ub2)
..\result\archive-108\adult\111\0\EfficientBFS-traditional-ub2-d-14.0-0.98-AdultIncomeFeatureSelection.pckl,108,adult,111,0,EfficientBFS,traditional,ub2,d,14.0,0.98,AdultIncomeFeatureSelection,9.15488859753139,13.361953606101252,23.89501404762268,1,1.0,,9,EfficientBFS,EfficientBFS (ub2)
..\result\archive-108\adult\111\0\EfficientBFS-traditional-ub2-d-15.0-0.98-AdultIncomeFeatureSelection.pckl,108,adult,111,0,EfficientBFS,traditional,ub2,d,15.0,0.98,AdultIncomeFeatureSelection,9.15488859753139,14.895635822911448,23.794348001480103,1,1.0,,10,EfficientBFS,EfficientBFS (ub2)
..\result\archive-108\adult\111\0\EfficientBranchAndBound-none-ub0-d-6.0-0.95-AdultIncomeFeatureSelection.pckl,108,adult,111,0,EfficientBranchAndBound,none,ub0,d,6.0,0.95,AdultIncomeFeatureSelection,7.206554549128117,5.836918288895902,6.160754442214966,5,,False,5,EBB,EBB (ub0)
..\result\archive-108\adult\111\0\EfficientBranchAndBound-none-ub0-d-8.0-0.95-AdultIncomeFeatureSelection.pckl,108,adult,111,0,EfficientBranchAndBound,none,ub0,d,8.0,0.95,AdultIncomeFeatureSelection,8.120308338114878,7.606156453874604,10.189254999160767,8,,False,6,EBB,EBB (ub0)
..\result\archive-108\adult\111\0\EfficientBranchAndBound-none-ub0-d-14.0-0.95-AdultIncomeFeatureSelection.pckl,108,adult,111,0,EfficientBranchAndBound,none,ub0,d,14.0,0.95,AdultIncomeFeatureSelection,9.15488859753139,13.361953606101252,2.998389482498169,1,,False,9,EBB,EBB (ub0)
..\result\archive-108\adult\111\0\EfficientBranchAndBound-none-ub0-d-15.0-0.95-AdultIncomeFeatureSelection.pckl,108,adult,111,0,EfficientBranchAndBound,none,ub0,d,15.0,0.95,AdultIncomeFeatureSelection,9.15488859753139,14.411698881418511,3.2679431438446045,1,,False,10,EBB,EBB (ub0)
..\result\archive-108\adult\111\0\EfficientBranchAndBound-none-ub0-d-6.0-0.98-AdultIncomeFeatureSelection.pckl,108,adult,111,0,EfficientBranchAndBound,none,ub0,d,6.0,0.98,AdultIncomeFeatureSelection,7.206554549128117,5.836918288895902,6.055053472518921,5,,False,5,EBB,EBB (ub0)
..\result\archive-108\adult\111\0\EfficientBranchAndBound-none-ub0-d-8.0-0.98-AdultIncomeFeatureSelection.pckl,108,adult,111,0,EfficientBranchAndBound,none,ub0,d,8.0,0.98,AdultIncomeFeatureSelection,8.120308338114878,7.606156453874604,14.050461769104004,11,,False,6,EBB,EBB (ub0)
..\result\archive-108\caltech\769\0\EfficientBFS-traditional-ub0-d-6.0-0.95-CalTechMaximization.pckl,108,caltech,769,0,EfficientBFS,traditional,ub0,d,6.0,0.95,CalTechMaximization,332.9995976277473,5.973043973728588,209.80914998054504,1,1.0,,4,EfficientBFS,EfficientBFS (ub0)
..\result\archive-108\caltech\769\0\EfficientBFS-traditional-ub0-d-7.0-0.95-CalTechMaximization.pckl,108,caltech,769,0,EfficientBFS,traditional,ub0,d,7.0,0.95,CalTechMaximization,381.6827077759318,6.988963521608006,201.12062621116638,1,1.0,,5,EfficientBFS,EfficientBFS (ub0)
..\result\archive-108\caltech\769\0\EfficientBFS-traditional-ub0-d-8.0-0.95-CalTechMaximization.pckl,108,caltech,769,0,EfficientBFS,traditional,ub0,d,8.0,0.95,CalTechMaximization,400.23535000729504,7.994854452931519,278.35006284713745,2,1.0,False,6,EfficientBFS,EfficientBFS (ub0)
..\result\archive-108\caltech\769\0\EfficientBFS-traditional-ub0-d-9.0-0.95-CalTechMaximization.pckl,108,caltech,769,0,EfficientBFS,traditional,ub0,d,9.0,0.95,CalTechMaximization,435.99797546790063,8.29148845285618,556.0512075424194,5,1.0,False,6,EfficientBFS,EfficientBFS (ub0)
..\result\archive-108\caltech\769\0\EfficientBFS-traditional-ub0-d-10.0-0.95-CalTechMaximization.pckl,108,caltech,769,0,EfficientBFS,traditional,ub0,d,10.0,0.95,CalTechMaximization,479.7616192356273,9.376415862154637,360.5310981273651,3,1.0,False,7,EfficientBFS,EfficientBFS (ub0)
..\result\archive-108\caltech\769\0\EfficientBFS-traditional-ub0-d-11.0-0.95-CalTechMaximization.pckl,108,caltech,769,0,EfficientBFS,traditional,ub0,d,11.0,0.95,CalTechMaximization,535.0740645548774,10.81933786109785,174.17266988754272,1,1.0,,8,EfficientBFS,EfficientBFS (ub0)
..\result\archive-108\caltech\769\0\EfficientBFS-traditional-ub0-d-12.0-0.95-CalTechMaximization.pckl,108,caltech,769,0,EfficientBFS,traditional,ub0,d,12.0,0.95,CalTechMaximization,575.8371528682162,11.957783788078373,177.95186376571655,1,1.0,,9,EfficientBFS,EfficientBFS (ub0)
..\result\archive-108\caltech\769\0\EfficientBFS-traditional-ub0-d-13.0-0.95-CalTechMaximization.pckl,108,caltech,769,0,EfficientBFS,traditional,ub0,d,13.0,0.95,CalTechMaximization,601.2784189472019,12.982269016325954,358.93483567237854,3,1.0,False,10,EfficientBFS,EfficientBFS (ub0)
..\result\archive-108\caltech\769\0\EfficientBFS-traditional-ub0-d-14.0-0.95-CalTechMaximization.pckl,108,caltech,769,0,EfficientBFS,traditional,ub0,d,14.0,0.95,CalTechMaximization,626.8395919257168,13.812851698243652,900.8721780776978,9,1.0,False,10,EfficientBFS,EfficientBFS (ub0)
..\result\archive-108\caltech\769\0\EfficientBFS-traditional-ub0-d-15.0-0.95-CalTechMaximization.pckl,108,caltech,769,0,EfficientBFS,traditional,ub0,d,15.0,0.95,CalTechMaximization,678.7285939257744,14.887483293791728,365.2627775669098,3,1.0,False,11,EfficientBFS,EfficientBFS (ub0)
..\result\archive-108\caltech\769\0\EfficientBFS-traditional-ub0-d-6.0-0.98-CalTechMaximization.pckl,108,caltech,769,0,EfficientBFS,traditional,ub0,d,6.0,0.98,CalTechMaximization,332.9995976277473,5.973043973728588,303.63699555397034,1,1.0,False,4,EfficientBFS,EfficientBFS (ub0)
..\result\archive-108\caltech\769\0\EfficientBFS-traditional-ub0-d-7.0-0.98-CalTechMaximization.pckl,108,caltech,769,0,EfficientBFS,traditional,ub0,d,7.0,0.98,CalTechMaximization,381.6827077759318,6.988963521608006,279.114559173584,1,1.0,False,5,EfficientBFS,EfficientBFS (ub0)
..\result\archive-108\caltech\769\0\EfficientBFS-traditional-ub0-d-8.0-0.98-CalTechMaximization.pckl,108,caltech,769,0,EfficientBFS,traditional,ub0,d,8.0,0.98,CalTechMaximization,407.64305825897264,7.850697868579635,1552.4825539588928,15,1.0,False,6,EfficientBFS,EfficientBFS (ub0)
..\result\archive-108\caltech\769\0\EfficientBFS-traditional-ub0-d-9.0-0.98-CalTechMaximization.pckl,108,caltech,769,0,EfficientBFS,traditional,ub0,d,9.0,0.98,CalTechMaximization,448.33609283488715,8.830875774531378,2328.047957420349,23,1.0,False,6,EfficientBFS,EfficientBFS (ub0)
..\result\archive-108\caltech\769\0\EfficientBFS-traditional-ub0-d-10.0-0.98-CalTechMaximization.pckl,108,caltech,769,0,EfficientBFS,traditional,ub0,d,10.0,0.98,CalTechMaximization,491.76770842584773,9.734410451799395,1376.4122369289398,15,1.0,False,7,EfficientBFS,EfficientBFS (ub0)
..\result\archive-108\caltech\769\0\EfficientBFS-traditional-ub0-d-11.0-0.98-CalTechMaximization.pckl,108,caltech,769,0,EfficientBFS,traditional,ub0,d,11.0,0.98,CalTechMaximization,535.0740645548774,10.81933786109785,669.8254218101501,7,1.0,False,8,EfficientBFS,EfficientBFS (ub0)
..\result\archive-108\caltech\769\0\EfficientBFS-traditional-ub0-d-12.0-0.98-CalTechMaximization.pckl,108,caltech,769,0,EfficientBFS,traditional,ub0,d,12.0,0.98,CalTechMaximization,575.8371528682162,11.957783788078373,575.8545422554016,6,1.0,False,9,EfficientBFS,EfficientBFS (ub0)
..\result\archive-108\caltech\769\0\EfficientBFS-traditional-ub0-d-13.0-0.98-CalTechMaximization.pckl,108,caltech,769,0,EfficientBFS,traditional,ub0,d,13.0,0.98,CalTechMaximization,601.2784189472019,12.982269016325954,988.8616306781769,11,1.0,False,10,EfficientBFS,EfficientBFS (ub0)
..\result\archive-108\caltech\769\0\EfficientBFS-traditional-ub0-d-14.0-0.98-CalTechMaximization.pckl,108,caltech,769,0,EfficientBFS,traditional,ub0,d,14.0,0.98,CalTechMaximization,641.4785233062679,13.895647692875443,2268.069055080414,26,1.0,False,10,EfficientBFS,EfficientBFS (ub0)
..\result\archive-108\caltech\769\0\EfficientBFS-traditional-ub0-d-15.0-0.98-CalTechMaximization.pckl,108,caltech,769,0,EfficientBFS,traditional,ub0,d,15.0,0.98,CalTechMaximization,678.7285939257744,14.887483293791728,800.8170676231384,9,1.0,False,11,EfficientBFS,EfficientBFS (ub0)
..\result\archive-108\caltech\769\0\EfficientBFS-traditional-ub2-d-6.0-0.95-CalTechMaximization.pckl,108,caltech,769,0,EfficientBFS,traditional,ub2,d,6.0,0.95,CalTechMaximization,332.9995976277473,5.973043973728588,198.34107542037964,1,1.0,,4,EfficientBFS,EfficientBFS (ub2)
..\result\archive-108\caltech\769\0\EfficientBFS-traditional-ub2-d-7.0-0.95-CalTechMaximization.pckl,108,caltech,769,0,EfficientBFS,traditional,ub2,d,7.0,0.95,CalTechMaximization,381.6827077759318,6.988963521608006,190.74747514724731,1,1.0,,5,EfficientBFS,EfficientBFS (ub2)
..\result\archive-108\caltech\769\0\EfficientBFS-traditional-ub2-d-8.0-0.95-CalTechMaximization.pckl,108,caltech,769,0,EfficientBFS,traditional,ub2,d,8.0,0.95,CalTechMaximization,400.23535000729504,7.994854452931519,279.6719558238983,2,1.0,False,6,EfficientBFS,EfficientBFS (ub2)
..\result\archive-108\caltech\769\0\EfficientBFS-traditional-ub2-d-9.0-0.95-CalTechMaximization.pckl,108,caltech,769,0,EfficientBFS,traditional,ub2,d,9.0,0.95,CalTechMaximization,435.99797546790063,8.29148845285618,566.4133427143097,5,1.0,False,6,EfficientBFS,EfficientBFS (ub2)
..\result\archive-108\caltech\769\0\EfficientBFS-traditional-ub2-d-10.0-0.95-CalTechMaximization.pckl,108,caltech,769,0,EfficientBFS,traditional,ub2,d,10.0,0.95,CalTechMaximization,479.7616192356273,9.376415862154637,262.13505935668945,2,1.0,False,7,EfficientBFS,EfficientBFS (ub2)
..\result\archive-108\caltech\769\0\EfficientBFS-traditional-ub2-d-11.0-0.95-CalTechMaximization.pckl,108,caltech,769,0,EfficientBFS,traditional,ub2,d,11.0,0.95,CalTechMaximization,535.0740645548774,10.81933786109785,181.43326091766357,1,1.0,,8,EfficientBFS,EfficientBFS (ub2)
..\result\archive-108\caltech\769\0\EfficientBFS-traditional-ub2-d-12.0-0.95-CalTechMaximization.pckl,108,caltech,769,0,EfficientBFS,traditional,ub2,d,12.0,0.95,CalTechMaximization,575.8371528682162,11.957783788078373,182.733216047287,1,1.0,,9,EfficientBFS,EfficientBFS (ub2)
..\result\archive-108\caltech\769\0\EfficientBFS-traditional-ub2-d-13.0-0.95-CalTechMaximization.pckl,108,caltech,769,0,EfficientBFS,traditional,ub2,d,13.0,0.95,CalTechMaximization,601.2784189472019,12.982269016325954,185.52203226089478,1,1.0,,10,EfficientBFS,EfficientBFS (ub2)
..\result\archive-108\caltech\769\0\EfficientBFS-traditional-ub2-d-14.0-0.95-CalTechMaximization.pckl,108,caltech,769,0,EfficientBFS,traditional,ub2,d,14.0,0.95,CalTechMaximization,620.7603520539732,13.712053464547168,752.5362696647644,7,1.0,False,10,EfficientBFS,EfficientBFS (ub2)
..\result\archive-108\caltech\769\0\EfficientBFS-traditional-ub2-d-15.0-0.95-CalTechMaximization.pckl,108,caltech,769,0,EfficientBFS,traditional,ub2,d,15.0,0.95,CalTechMaximization,678.7285939257744,14.887483293791728,192.6539921760559,1,1.0,,11,EfficientBFS,EfficientBFS (ub2)
..\result\archive-108\caltech\769\0\EfficientBFS-traditional-ub2-d-6.0-0.98-CalTechMaximization.pckl,108,caltech,769,0,EfficientBFS,traditional,ub2,d,6.0,0.98,CalTechMaximization,332.9995976277473,5.973043973728588,295.37044286727905,1,1.0,False,4,EfficientBFS,EfficientBFS (ub2)
..\result\archive-108\caltech\769\0\EfficientBFS-traditional-ub2-d-7.0-0.98-CalTechMaximization.pckl,108,caltech,769,0,EfficientBFS,traditional,ub2,d,7.0,0.98,CalTechMaximization,381.6827077759318,6.988963521608006,281.4207799434662,1,1.0,False,5,EfficientBFS,EfficientBFS (ub2)
..\result\archive-108\caltech\769\0\EfficientBFS-traditional-ub2-d-8.0-0.98-CalTechMaximization.pckl,108,caltech,769,0,EfficientBFS,traditional,ub2,d,8.0,0.98,CalTechMaximization,407.64305825897264,7.850697868579635,1459.8736310005188,15,1.0,False,6,EfficientBFS,EfficientBFS (ub2)
..\result\archive-108\caltech\769\0\EfficientBFS-traditional-ub2-d-9.0-0.98-CalTechMaximization.pckl,108,caltech,769,0,EfficientBFS,traditional,ub2,d,9.0,0.98,CalTechMaximization,448.33609283488715,8.830875774531378,2176.450028181076,22,1.0,False,6,EfficientBFS,EfficientBFS (ub2)
..\result\archive-108\caltech\769\0\EfficientBFS-traditional-ub2-d-10.0-0.98-CalTechMaximization.pckl,108,caltech,769,0,EfficientBFS,traditional,ub2,d,10.0,0.98,CalTechMaximization,491.76770842584773,9.734410451799395,1319.2899041175842,14,1.0,False,7,EfficientBFS,EfficientBFS (ub2)
..\result\archive-108\caltech\769\0\EfficientBFS-traditional-ub2-d-11.0-0.98-CalTechMaximization.pckl,108,caltech,769,0,EfficientBFS,traditional,ub2,d,11.0,0.98,CalTechMaximization,535.0740645548774,10.81933786109785,586.286333322525,6,1.0,False,8,EfficientBFS,EfficientBFS (ub2)
..\result\archive-108\caltech\769\0\EfficientBFS-traditional-ub2-d-12.0-0.98-CalTechMaximization.pckl,108,caltech,769,0,EfficientBFS,traditional,ub2,d,12.0,0.98,CalTechMaximization,575.8371528682162,11.957783788078373,504.02127170562744,5,1.0,False,9,EfficientBFS,EfficientBFS (ub2)
..\result\archive-108\caltech\769\0\EfficientBFS-traditional-ub2-d-13.0-0.98-CalTechMaximization.pckl,108,caltech,769,0,EfficientBFS,traditional,ub2,d,13.0,0.98,CalTechMaximization,601.2784189472019,12.982269016325954,1008.3343904018402,10,1.0,False,10,EfficientBFS,EfficientBFS (ub2)
..\result\archive-108\caltech\769\0\EfficientBFS-traditional-ub2-d-14.0-0.98-CalTechMaximization.pckl,108,caltech,769,0,EfficientBFS,traditional,ub2,d,14.0,0.98,CalTechMaximization,641.4785233062679,13.895647692875443,2277.694900035858,26,1.0,False,10,EfficientBFS,EfficientBFS (ub2)
..\result\archive-108\caltech\769\0\EfficientBFS-traditional-ub2-d-15.0-0.98-CalTechMaximization.pckl,108,caltech,769,0,EfficientBFS,traditional,ub2,d,15.0,0.98,CalTechMaximization,678.7285939257744,14.887483293791728,825.0994515419006,8,1.0,False,11,EfficientBFS,EfficientBFS (ub2)
..\result\archive-108\caltech\769\0\EfficientBranchAndBound-none-ub0-d-6.0-0.95-CalTechMaximization.pckl,108,caltech,769,0,EfficientBranchAndBound,none,ub0,d,6.0,0.95,CalTechMaximization,332.9995976277473,5.973043973728588,157.61116480827332,2,,False,4,EBB,EBB (ub0)
..\result\archive-108\caltech\769\0\EfficientBranchAndBound-none-ub0-d-7.0-0.95-CalTechMaximization.pckl,108,caltech,769,0,EfficientBranchAndBound,none,ub0,d,7.0,0.95,CalTechMaximization,381.6827077759318,6.988963521608006,152.85588884353638,2,,False,5,EBB,EBB (ub0)
..\result\archive-108\caltech\769\0\EfficientBranchAndBound-none-ub0-d-8.0-0.95-CalTechMaximization.pckl,108,caltech,769,0,EfficientBranchAndBound,none,ub0,d,8.0,0.95,CalTechMaximization,400.23535000729504,7.994854452931519,392.8381698131561,5,,False,6,EBB,EBB (ub0)
..\result\archive-108\caltech\769\0\EfficientBranchAndBound-none-ub0-d-10.0-0.95-CalTechMaximization.pckl,108,caltech,769,0,EfficientBranchAndBound,none,ub0,d,10.0,0.95,CalTechMaximization,479.7616192356273,9.376415862154637,480.7790951728821,5,,False,7,EBB,EBB (ub0)
..\result\archive-108\caltech\769\0\EfficientBranchAndBound-none-ub0-d-11.0-0.95-CalTechMaximization.pckl,108,caltech,769,0,EfficientBranchAndBound,none,ub0,d,11.0,0.95,CalTechMaximization,535.0740645548774,10.81933786109785,136.17808556556702,2,,False,8,EBB,EBB (ub0)
..\result\archive-108\caltech\769\0\EfficientBranchAndBound-none-ub0-d-12.0-0.95-CalTechMaximization.pckl,108,caltech,769,0,EfficientBranchAndBound,none,ub0,d,12.0,0.95,CalTechMaximization,575.8371528682162,11.957783788078373,139.32790088653564,2,,False,9,EBB,EBB (ub0)
..\result\archive-108\caltech\769\0\EfficientBranchAndBound-none-ub0-d-13.0-0.95-CalTechMaximization.pckl,108,caltech,769,0,EfficientBranchAndBound,none,ub0,d,13.0,0.95,CalTechMaximization,601.2784189472019,12.982269016325954,273.4352011680603,3,,False,10,EBB,EBB (ub0)
..\result\archive-108\caltech\769\0\EfficientBranchAndBound-none-ub0-d-15.0-0.95-CalTechMaximization.pckl,108,caltech,769,0,EfficientBranchAndBound,none,ub0,d,15.0,0.95,CalTechMaximization,678.7285939257744,14.887483293791728,277.8283886909485,3,,False,11,EBB,EBB (ub0)
..\result\archive-108\caltech\769\0\EfficientBranchAndBound-none-ub0-d-6.0-0.98-CalTechMaximization.pckl,108,caltech,769,0,EfficientBranchAndBound,none,ub0,d,6.0,0.98,CalTechMaximization,332.9995976277473,5.973043973728588,120.6526985168457,2,,False,4,EBB,EBB (ub0)
..\result\archive-108\caltech\769\0\EfficientBranchAndBound-none-ub0-d-7.0-0.98-CalTechMaximization.pckl,108,caltech,769,0,EfficientBranchAndBound,none,ub0,d,7.0,0.98,CalTechMaximization,381.6827077759318,6.988963521608006,122.13209795951843,2,,False,5,EBB,EBB (ub0)
..\result\archive-108\caltech\769\0\EfficientBranchAndBound-none-ub0-d-11.0-0.98-CalTechMaximization.pckl,108,caltech,769,0,EfficientBranchAndBound,none,ub0,d,11.0,0.98,CalTechMaximization,535.0740645548774,10.81933786109785,429.08373522758484,4,,False,8,EBB,EBB (ub0)
..\result\archive-108\caltech\769\0\EfficientBranchAndBound-none-ub0-d-12.0-0.98-CalTechMaximization.pckl,108,caltech,769,0,EfficientBranchAndBound,none,ub0,d,12.0,0.98,CalTechMaximization,575.8371528682162,11.957783788078373,431.7761583328247,4,,False,9,EBB,EBB (ub0)
..\result\archive-108\caltech\769\0\EfficientBranchAndBound-none-ub0-d-13.0-0.98-CalTechMaximization.pckl,108,caltech,769,0,EfficientBranchAndBound,none,ub0,d,13.0,0.98,CalTechMaximization,601.2784189472019,12.982269016325954,539.4060542583466,5,,False,10,EBB,EBB (ub0)
..\result\archive-108\caltech\769\0\EfficientBranchAndBound-none-ub0-d-15.0-0.98-CalTechMaximization.pckl,108,caltech,769,0,EfficientBranchAndBound,none,ub0,d,15.0,0.98,CalTechMaximization,678.7285939257744,14.887483293791728,445.64260697364807,4,,False,11,EBB,EBB (ub0)
